path;score;n;leading;trailing;inner_missing;gaps;missing_rows;best_run;valid_fraction;Group
Exports/Daten_Raw_Clean\PTP\Probant4_PTP202_PTP202.csv;0.0;346;0;0;0;0;0;346;1.0;ptp2
Exports/Daten_Raw_Clean\PTP\Probant4_PTP203_PTP203.csv;0.0;347;0;0;0;0;0;347;1.0;ptp2
Exports/Daten_Raw_Clean\PTP\Probant4_PTP204_PTP204.csv;0.0;303;0;0;0;0;0;303;1.0;ptp2
Exports/Daten_Raw_Clean\PTP\Probant4_PTP205_PTP205.csv;0.0;283;0;0;0;0;0;283;1.0;ptp2
Exports/Daten_Raw_Clean\PTP\Probant5_PTP201_PTP201.csv;0.0;303;0;0;0;0;0;303;1.0;ptp2
Exports/Daten_Raw_Clean\PTP\Probant5_PTP202_PTP202.csv;0.0;341;0;0;0;0;0;341;1.0;ptp2
Exports/Daten_Raw_Clean\PTP\Probant5_PTP203_PTP203.csv;0.0;313;0;0;0;0;0;313;1.0;ptp2
Exports/Daten_Raw_Clean\PTP\Probant5_PTP204_PTP204.csv;0.0;295;0;0;0;0;0;295;1.0;ptp2
Exports/Daten_Raw_Clean\PTP\Probant5_PTP205_PTP205.csv;0.0;280;0;0;0;0;0;280;1.0;ptp2
Exports/Daten_Raw_Clean\PTP2\Probant10_PTP206_PTP206.csv;0.0;298;0;0;0;0;0;298;1.0;ptp2
Exports/Daten_Raw_Clean\PTP2\Probant10_PTP207_PTP207.csv;0.0;249;0;0;0;0;0;249;1.0;ptp2
Exports/Daten_Raw_Clean\PTP2\Probant10_PTP208_PTP208.csv;0.0;231;0;0;0;0;0;231;1.0;ptp2
Exports/Daten_Raw_Clean\PTP2\Probant10_PTP209_PTP209.csv;0.0;241;0;0;0;0;0;241;1.0;ptp2
Exports/Daten_Raw_Clean\PTP2\Probant10_PTP210_PTP210.csv;0.0;257;0;0;0;0;0;257;1.0;ptp2
Exports/Daten_Raw_Clean\PTP2\Probant11_PTP206_PTP206.csv;0.0;343;0;0;0;0;0;343;1.0;ptp2
Exports/Daten_Raw_Clean\PTP2\Probant11_PTP207_PTP207.csv;0.0;329;0;0;0;0;0;329;1.0;ptp2
Exports/Daten_Raw_Clean\PTP2\Probant11_PTP208_PTP208.csv;0.0;303;0;0;0;0;0;303;1.0;ptp2
Exports/Daten_Raw_Clean\PTP2\Probant11_PTP209_PTP209.csv;0.0;283;0;0;0;0;0;283;1.0;ptp2
Exports/Daten_Raw_Clean\PTP2\Probant11_PTP210_PTP210.csv;0.0;287;0;0;0;0;0;287;1.0;ptp2
Exports/Daten_Raw_Clean\PTP2\Probant12_PTP206_PTP206.csv;0.0;362;0;0;0;0;0;362;1.0;ptp2
Exports/Daten_Raw_Clean\PTP2\Probant12_PTP207_PTP207.csv;0.0;360;0;0;0;0;0;360;1.0;ptp2
Exports/Daten_Raw_Clean\PTP2\Probant12_PTP208_PTP208.csv;0.0;318;0;0;0;0;0;318;1.0;ptp2
Exports/Daten_Raw_Clean\PTP2\Probant12_PTP209_PTP209.csv;0.0;303;0;0;0;0;0;303;1.0;ptp2
Exports/Daten_Raw_Clean\PTP2\Probant12_PTP210_PTP210.csv;0.0;346;0;0;0;0;0;346;1.0;ptp2
Exports/Daten_Raw_Clean\PTP2\Probant13_PTP211_PTP211.csv;0.0;257;0;0;0;0;0;257;1.0;ptp2
Exports/Daten_Raw_Clean\PTP2\Probant13_PTP212_PTP212.csv;0.0;311;0;0;0;0;0;311;1.0;ptp2
Exports/Daten_Raw_Clean\PTP2\Probant13_PTP213_PTP213.csv;0.0;283;0;0;0;0;0;283;1.0;ptp2
Exports/Daten_Raw_Clean\PTP2\Probant13_PTP214_PTP214.csv;0.0;326;0;0;0;0;0;326;1.0;ptp2
Exports/Daten_Raw_Clean\PTP2\Probant13_PTP215_PTP215.csv;0.0;323;0;0;0;0;0;323;1.0;ptp2
Exports/Daten_Raw_Clean\PTP2\Probant14_PTP216_PTP216.csv;0.0;316;0;0;0;0;0;316;1.0;ptp2
Exports/Daten_Raw_Clean\PTP2\Probant14_PTP217_PTP217.csv;0.0;281;0;0;0;0;0;281;1.0;ptp2
Exports/Daten_Raw_Clean\PTP2\Probant14_PTP218_PTP218.csv;0.0;298;0;0;0;0;0;298;1.0;ptp2
Exports/Daten_Raw_Clean\PTP2\Probant14_PTP219_PTP219.csv;0.0;293;0;0;0;0;0;293;1.0;ptp2
Exports/Daten_Raw_Clean\PTP2\Probant14_PTP220_PTP220.csv;0.0;291;0;0;0;0;0;291;1.0;ptp2
Exports/Daten_Raw_Clean\PTP2\Probant15_PTP221_PTP221.csv;0.0;275;0;0;0;0;0;275;1.0;ptp2
Exports/Daten_Raw_Clean\PTP2\Probant15_PTP222_PTP222.csv;0.0;290;0;0;0;0;0;290;1.0;ptp2
Exports/Daten_Raw_Clean\PTP2\Probant15_PTP223_PTP223.csv;0.0;294;0;0;0;0;0;294;1.0;ptp2
Exports/Daten_Raw_Clean\PTP2\Probant15_PTP224_PTP224.csv;0.0;292;0;0;0;0;0;292;1.0;ptp2
Exports/Daten_Raw_Clean\PTP2\Probant16_PTP226_PTP226.csv;0.0;299;0;0;0;0;0;299;1.0;ptp2
Exports/Daten_Raw_Clean\PTP2\Probant16_PTP227_PTP227.csv;0.0;367;0;0;0;0;0;367;1.0;ptp2
Exports/Daten_Raw_Clean\PTP2\Probant16_PTP228_PTP228.csv;0.0;344;0;0;0;0;0;344;1.0;ptp2
Exports/Daten_Raw_Clean\PTP2\Probant16_PTP229_PTP229.csv;0.0;275;0;0;0;0;0;275;1.0;ptp2
Exports/Daten_Raw_Clean\PTP2\Probant16_PTP230_PTP230.csv;0.0;235;0;0;0;0;0;235;1.0;ptp2
Exports/Daten_Raw_Clean\PTP2\Probant17_PTP231_PTP231.csv;0.0;303;0;0;0;0;0;303;1.0;ptp2
Exports/Daten_Raw_Clean\PTP2\Probant17_PTP232_PTP232.csv;0.0;323;0;0;0;0;0;323;1.0;ptp2
Exports/Daten_Raw_Clean\PTP2\Probant17_PTP233_PTP233.csv;0.0;308;0;0;0;0;0;308;1.0;ptp2
Exports/Daten_Raw_Clean\PTP2\Probant17_PTP234_PTP234.csv;0.0;312;0;0;0;0;0;312;1.0;ptp2
Exports/Daten_Raw_Clean\PTP2\Probant17_PTP235_PTP235.csv;0.0;273;0;0;0;0;0;273;1.0;ptp2
Exports/Daten_Raw_Clean\PTP2\Probant18_PTP236_PTP236.csv;0.0;388;0;0;0;0;0;388;1.0;ptp2
Exports/Daten_Raw_Clean\PTP2\Probant18_PTP237_PTP237.csv;0.0;320;0;0;0;0;0;320;1.0;ptp2
Exports/Daten_Raw_Clean\PTP2\Probant18_PTP238_PTP238.csv;0.0;300;0;0;0;0;0;300;1.0;ptp2
Exports/Daten_Raw_Clean\PTP2\Probant18_PTP240_PTP240.csv;0.0;305;0;0;0;0;0;305;1.0;ptp2
Exports/Daten_Raw_Clean\PTP2\Probant19_PTP241_PTP241.csv;0.0;293;0;0;0;0;0;293;1.0;ptp2
Exports/Daten_Raw_Clean\PTP2\Probant19_PTP242_PTP242.csv;0.0;295;0;0;0;0;0;295;1.0;ptp2
Exports/Daten_Raw_Clean\PTP2\Probant19_PTP243_PTP243.csv;0.0;366;0;0;0;0;0;366;1.0;ptp2
Exports/Daten_Raw_Clean\PTP2\Probant19_PTP244_PTP244.csv;0.0;349;0;0;0;0;0;349;1.0;ptp2
Exports/Daten_Raw_Clean\PTP2\Probant19_PTP245_PTP245.csv;0.0;328;0;0;0;0;0;328;1.0;ptp2
Exports/Daten_Raw_Clean\PTP2\Probant1_PTP201_PTP201.csv;0.0;379;0;0;0;0;0;379;1.0;ptp2
Exports/Daten_Raw_Clean\PTP2\Probant1_PTP202_PTP202.csv;0.0;322;0;0;0;0;0;322;1.0;ptp2
Exports/Daten_Raw_Clean\PTP2\Probant1_PTP203_PTP203.csv;0.0;330;0;0;0;0;0;330;1.0;ptp2
Exports/Daten_Raw_Clean\PTP2\Probant1_PTP204_PTP204.csv;0.0;344;0;0;0;0;0;344;1.0;ptp2
Exports/Daten_Raw_Clean\PTP2\Probant1_PTP205_PTP205.csv;0.0;328;0;0;0;0;0;328;1.0;ptp2
Exports/Daten_Raw_Clean\PTP2\Probant20_PTP246_PTP246.csv;0.0;267;0;0;0;0;0;267;1.0;ptp2
Exports/Daten_Raw_Clean\PTP2\Probant20_PTP247_PTP247.csv;0.0;269;0;0;0;0;0;269;1.0;ptp2
Exports/Daten_Raw_Clean\PTP2\Probant20_PTP248_PTP248.csv;0.0;299;0;0;0;0;0;299;1.0;ptp2
Exports/Daten_Raw_Clean\PTP2\Probant20_PTP249_PTP249.csv;0.0;282;0;0;0;0;0;282;1.0;ptp2
Exports/Daten_Raw_Clean\PTP2\Probant20_PTP250_PTP250.csv;0.0;301;0;0;0;0;0;301;1.0;ptp2
Exports/Daten_Raw_Clean\PTP2\Probant21_PTP251_PTP251.csv;0.0;286;0;0;0;0;0;286;1.0;ptp2
Exports/Daten_Raw_Clean\PTP2\Probant21_PTP252_PTP252.csv;0.0;309;0;0;0;0;0;309;1.0;ptp2
Exports/Daten_Raw_Clean\PTP2\Probant21_PTP253_PTP253.csv;0.0;317;0;0;0;0;0;317;1.0;ptp2
Exports/Daten_Raw_Clean\PTP2\Probant21_PTP254_PTP254.csv;0.0;283;0;0;0;0;0;283;1.0;ptp2
Exports/Daten_Raw_Clean\PTP2\Probant21_PTP255_PTP255.csv;0.0;290;0;0;0;0;0;290;1.0;ptp2
Exports/Daten_Raw_Clean\PTP2\Probant22_PTP251_PTP251.csv;0.0;360;0;0;0;0;0;360;1.0;ptp2
Exports/Daten_Raw_Clean\PTP2\Probant22_PTP252_PTP252.csv;0.0;315;0;0;0;0;0;315;1.0;ptp2
Exports/Daten_Raw_Clean\PTP2\Probant22_PTP253_PTP253.csv;0.0;321;0;0;0;0;0;321;1.0;ptp2
Exports/Daten_Raw_Clean\PTP2\Probant22_PTP254_PTP254.csv;0.0;315;0;0;0;0;0;315;1.0;ptp2
Exports/Daten_Raw_Clean\PTP2\Probant22_PTP255_PTP255.csv;0.0;343;0;0;0;0;0;343;1.0;ptp2
Exports/Daten_Raw_Clean\PTP2\Probant23_PTP251_PTP251.csv;0.0;280;0;0;0;0;0;280;1.0;ptp2
Exports/Daten_Raw_Clean\PTP2\Probant23_PTP252_PTP252.csv;0.0;243;0;0;0;0;0;243;1.0;ptp2
Exports/Daten_Raw_Clean\PTP2\Probant23_PTP253_PTP253.csv;0.0;257;0;0;0;0;0;257;1.0;ptp2
Exports/Daten_Raw_Clean\PTP2\Probant23_PTP254_PTP254.csv;0.0;304;0;0;0;0;0;304;1.0;ptp2
Exports/Daten_Raw_Clean\PTP2\Probant23_PTP255_PTP255.csv;0.0;312;0;0;0;0;0;312;1.0;ptp2
Exports/Daten_Raw_Clean\PTP2\Probant24_PTP251_PTP251.csv;0.0;245;0;0;0;0;0;245;1.0;ptp2
Exports/Daten_Raw_Clean\PTP2\Probant24_PTP252_PTP252.csv;0.0;212;0;0;0;0;0;212;1.0;ptp2
Exports/Daten_Raw_Clean\PTP2\Probant24_PTP253_PTP253.csv;0.0;181;0;0;0;0;0;181;1.0;ptp2
Exports/Daten_Raw_Clean\PTP2\Probant24_PTP254_PTP254.csv;0.0;213;0;0;0;0;0;213;1.0;ptp2
Exports/Daten_Raw_Clean\PTP2\Probant24_PTP255_PTP255.csv;0.0;205;0;0;0;0;0;205;1.0;ptp2
Exports/Daten_Raw_Clean\PTP2\Probant25_PTP251_PTP251.csv;0.0;399;0;0;0;0;0;399;1.0;ptp2
Exports/Daten_Raw_Clean\PTP2\Probant25_PTP252_PTP252.csv;0.0;294;0;0;0;0;0;294;1.0;ptp2
Exports/Daten_Raw_Clean\PTP2\Probant25_PTP253_PTP253.csv;0.0;299;0;0;0;0;0;299;1.0;ptp2
Exports/Daten_Raw_Clean\PTP2\Probant25_PTP254_PTP254.csv;0.0;315;0;0;0;0;0;315;1.0;ptp2
Exports/Daten_Raw_Clean\PTP2\Probant25_PTP255_PTP255.csv;0.0;286;0;0;0;0;0;286;1.0;ptp2
Exports/Daten_Raw_Clean\PTP2\Probant26_PTP251_PTP251.csv;0.0;313;0;0;0;0;0;313;1.0;ptp2
Exports/Daten_Raw_Clean\PTP2\Probant26_PTP252_PTP252.csv;0.0;331;0;0;0;0;0;331;1.0;ptp2
Exports/Daten_Raw_Clean\PTP2\Probant26_PTP253_PTP253.csv;0.0;276;0;0;0;0;0;276;1.0;ptp2
Exports/Daten_Raw_Clean\PTP2\Probant26_PTP254_PTP254.csv;0.0;330;0;0;0;0;0;330;1.0;ptp2
Exports/Daten_Raw_Clean\PTP2\Probant26_PTP255_PTP255.csv;0.0;280;0;0;0;0;0;280;1.0;ptp2
Exports/Daten_Raw_Clean\PTP2\Probant27_PTP251_PTP251.csv;0.0;241;0;0;0;0;0;241;1.0;ptp2
Exports/Daten_Raw_Clean\PTP2\Probant27_PTP252_PTP252.csv;0.0;264;0;0;0;0;0;264;1.0;ptp2
Exports/Daten_Raw_Clean\PTP2\Probant27_PTP253_PTP253.csv;0.0;247;0;0;0;0;0;247;1.0;ptp2
Exports/Daten_Raw_Clean\PTP2\Probant27_PTP254_PTP254.csv;0.0;239;0;0;0;0;0;239;1.0;ptp2
Exports/Daten_Raw_Clean\PTP2\Probant27_PTP255_PTP255.csv;0.0;246;0;0;0;0;0;246;1.0;ptp2
Exports/Daten_Raw_Clean\PTP2\Probant28_PTP251_PTP251.csv;0.0;299;0;0;0;0;0;299;1.0;ptp2
Exports/Daten_Raw_Clean\PTP2\Probant28_PTP252_PTP252.csv;0.0;284;0;0;0;0;0;284;1.0;ptp2
Exports/Daten_Raw_Clean\PTP2\Probant28_PTP253_PTP253.csv;0.0;257;0;0;0;0;0;257;1.0;ptp2
Exports/Daten_Raw_Clean\PTP2\Probant28_PTP254_PTP254.csv;0.0;264;0;0;0;0;0;264;1.0;ptp2
Exports/Daten_Raw_Clean\PTP2\Probant28_PTP255_PTP255.csv;0.0;258;0;0;0;0;0;258;1.0;ptp2
Exports/Daten_Raw_Clean\PTP2\Probant29_PTP251_PTP251.csv;0.0;259;0;0;0;0;0;259;1.0;ptp2
Exports/Daten_Raw_Clean\PTP2\Probant29_PTP252_PTP252.csv;0.0;299;0;0;0;0;0;299;1.0;ptp2
Exports/Daten_Raw_Clean\PTP2\Probant29_PTP253_PTP253.csv;0.0;263;0;0;0;0;0;263;1.0;ptp2
Exports/Daten_Raw_Clean\PTP2\Probant29_PTP254_PTP254.csv;0.0;272;0;0;0;0;0;272;1.0;ptp2
Exports/Daten_Raw_Clean\PTP2\Probant29_PTP255_PTP255.csv;0.0;297;0;0;0;0;0;297;1.0;ptp2
Exports/Daten_Raw_Clean\PTP2\Probant2_PTP06_PTP06.csv;0.0;265;0;0;0;0;0;265;1.0;ptp2
Exports/Daten_Raw_Clean\PTP2\Probant2_PTP07_PTP07.csv;0.0;283;0;0;0;0;0;283;1.0;ptp2
Exports/Daten_Raw_Clean\PTP2\Probant2_PTP08_PTP08.csv;0.0;242;0;0;0;0;0;242;1.0;ptp2
Exports/Daten_Raw_Clean\PTP2\Probant2_PTP09_PTP09.csv;0.0;261;0;0;0;0;0;261;1.0;ptp2
Exports/Daten_Raw_Clean\PTP2\Probant2_PTP10_PTP10.csv;0.0;265;0;0;0;0;0;265;1.0;ptp2
Exports/Daten_Raw_Clean\PTP2\Probant30_PTP251_PTP251.csv;0.0;399;0;0;0;0;0;399;1.0;ptp2
Exports/Daten_Raw_Clean\PTP2\Probant30_PTP252_PTP252.csv;0.0;319;0;0;0;0;0;319;1.0;ptp2
Exports/Daten_Raw_Clean\PTP2\Probant30_PTP253_PTP253.csv;0.0;316;0;0;0;0;0;316;1.0;ptp2
Exports/Daten_Raw_Clean\PTP2\Probant30_PTP254_PTP254.csv;0.0;375;0;0;0;0;0;375;1.0;ptp2
Exports/Daten_Raw_Clean\PTP2\Probant30_PTP255_PTP255.csv;0.0;353;0;0;0;0;0;353;1.0;ptp2
Exports/Daten_Raw_Clean\PTP2\Probant31_PTP251_PTP251.csv;0.0;290;0;0;0;0;0;290;1.0;ptp2
Exports/Daten_Raw_Clean\PTP2\Probant31_PTP252_PTP252.csv;0.0;232;0;0;0;0;0;232;1.0;ptp2
Exports/Daten_Raw_Clean\PTP2\Probant31_PTP253_PTP253.csv;0.0;230;0;0;0;0;0;230;1.0;ptp2
Exports/Daten_Raw_Clean\PTP2\Probant31_PTP254_PTP254.csv;0.0;220;0;0;0;0;0;220;1.0;ptp2
Exports/Daten_Raw_Clean\PTP2\Probant31_PTP255_PTP255.csv;0.0;216;0;0;0;0;0;216;1.0;ptp2
Exports/Daten_Raw_Clean\PTP2\Probant32_PTP251_PTP251.csv;0.0;228;0;0;0;0;0;228;1.0;ptp2
Exports/Daten_Raw_Clean\PTP2\Probant32_PTP252_PTP252.csv;0.0;236;0;0;0;0;0;236;1.0;ptp2
Exports/Daten_Raw_Clean\PTP2\Probant32_PTP253_PTP253.csv;0.0;248;0;0;0;0;0;248;1.0;ptp2
Exports/Daten_Raw_Clean\PTP2\Probant32_PTP254_PTP254.csv;0.0;257;0;0;0;0;0;257;1.0;ptp2
Exports/Daten_Raw_Clean\PTP2\Probant32_PTP255_PTP255.csv;0.0;236;0;0;0;0;0;236;1.0;ptp2
Exports/Daten_Raw_Clean\PTP2\Probant33_PTP251_PTP251.csv;0.0;253;0;0;0;0;0;253;1.0;ptp2
Exports/Daten_Raw_Clean\PTP2\Probant33_PTP252_PTP252.csv;0.0;207;0;0;0;0;0;207;1.0;ptp2
Exports/Daten_Raw_Clean\PTP2\Probant33_PTP253_PTP253.csv;0.0;215;0;0;0;0;0;215;1.0;ptp2
Exports/Daten_Raw_Clean\PTP2\Probant33_PTP254_PTP254.csv;0.0;224;0;0;0;0;0;224;1.0;ptp2
Exports/Daten_Raw_Clean\PTP2\Probant33_PTP255_PTP255.csv;0.0;218;0;0;0;0;0;218;1.0;ptp2
Exports/Daten_Raw_Clean\PTP2\Probant34_PTP251_PTP251.csv;0.0;298;0;0;0;0;0;298;1.0;ptp2
Exports/Daten_Raw_Clean\PTP2\Probant34_PTP252_PTP252.csv;0.0;267;0;0;0;0;0;267;1.0;ptp2
Exports/Daten_Raw_Clean\PTP2\Probant34_PTP253_PTP253.csv;0.0;261;0;0;0;0;0;261;1.0;ptp2
Exports/Daten_Raw_Clean\PTP2\Probant34_PTP254_PTP254.csv;0.0;237;0;0;0;0;0;237;1.0;ptp2
Exports/Daten_Raw_Clean\PTP2\Probant34_PTP255_PTP255.csv;0.0;223;0;0;0;0;0;223;1.0;ptp2
Exports/Daten_Raw_Clean\PTP2\Probant35_PTP251_PTP251.csv;0.0;220;0;0;0;0;0;220;1.0;ptp2
Exports/Daten_Raw_Clean\PTP2\Probant36_PTP251_PTP251.csv;0.0;294;0;0;0;0;0;294;1.0;ptp2
Exports/Daten_Raw_Clean\PTP2\Probant36_PTP252_PTP252.csv;0.0;288;0;0;0;0;0;288;1.0;ptp2
Exports/Daten_Raw_Clean\PTP2\Probant36_PTP253_PTP253.csv;0.0;274;0;0;0;0;0;274;1.0;ptp2
Exports/Daten_Raw_Clean\PTP2\Probant36_PTP254_PTP254.csv;0.0;257;0;0;0;0;0;257;1.0;ptp2
Exports/Daten_Raw_Clean\PTP2\Probant36_PTP255_PTP255.csv;0.0;233;0;0;0;0;0;233;1.0;ptp2
Exports/Daten_Raw_Clean\PTP2\Probant37_PTP251_PTP251.csv;0.0;285;0;0;0;0;0;285;1.0;ptp2
Exports/Daten_Raw_Clean\PTP2\Probant37_PTP252_PTP252.csv;0.0;261;0;0;0;0;0;261;1.0;ptp2
Exports/Daten_Raw_Clean\PTP2\Probant37_PTP253_PTP253.csv;0.0;256;0;0;0;0;0;256;1.0;ptp2
Exports/Daten_Raw_Clean\PTP2\Probant37_PTP254_PTP254.csv;0.0;254;0;0;0;0;0;254;1.0;ptp2
Exports/Daten_Raw_Clean\PTP2\Probant37_PTP255_PTP255.csv;0.0;253;0;0;0;0;0;253;1.0;ptp2
Exports/Daten_Raw_Clean\PTP2\Probant38_PTP251_PTP251.csv;0.0;169;0;0;0;0;0;169;1.0;ptp2
Exports/Daten_Raw_Clean\PTP2\Probant38_PTP252_PTP252.csv;0.0;164;0;0;0;0;0;164;1.0;ptp2
Exports/Daten_Raw_Clean\PTP2\Probant38_PTP253_PTP253.csv;0.0;191;0;0;0;0;0;191;1.0;ptp2
Exports/Daten_Raw_Clean\PTP2\Probant38_PTP254_PTP254.csv;0.0;186;0;0;0;0;0;186;1.0;ptp2
Exports/Daten_Raw_Clean\PTP2\Probant38_PTP255_PTP255.csv;0.0;172;0;0;0;0;0;172;1.0;ptp2
Exports/Daten_Raw_Clean\PTP2\Probant39_PTP251_PTP251.csv;0.0;319;0;0;0;0;0;319;1.0;ptp2
Exports/Daten_Raw_Clean\PTP2\Probant39_PTP252_PTP252.csv;0.0;193;0;0;0;0;0;193;1.0;ptp2
Exports/Daten_Raw_Clean\PTP2\Probant39_PTP253_PTP253.csv;0.0;166;0;0;0;0;0;166;1.0;ptp2
Exports/Daten_Raw_Clean\PTP2\Probant39_PTP254_PTP254.csv;0.0;176;0;0;0;0;0;176;1.0;ptp2
Exports/Daten_Raw_Clean\PTP2\Probant39_PTP255_PTP255.csv;0.0;171;0;0;0;0;0;171;1.0;ptp2
Exports/Daten_Raw_Clean\PTP2\Probant39_PTP256_PTP256.csv;0.0;203;0;0;0;0;0;203;1.0;ptp2
Exports/Daten_Raw_Clean\PTP2\Probant3_PTP201_PTP201.csv;0.0;392;0;0;0;0;0;392;1.0;ptp2
Exports/Daten_Raw_Clean\PTP2\Probant3_PTP202_PTP202.csv;0.0;343;0;0;0;0;0;343;1.0;ptp2
Exports/Daten_Raw_Clean\PTP2\Probant3_PTP203_PTP203.csv;0.0;350;0;0;0;0;0;350;1.0;ptp2
Exports/Daten_Raw_Clean\PTP2\Probant3_PTP204_PTP204.csv;0.0;352;0;0;0;0;0;352;1.0;ptp2
Exports/Daten_Raw_Clean\PTP2\Probant3_PTP205_PTP205.csv;0.0;362;0;0;0;0;0;362;1.0;ptp2
Exports/Daten_Raw_Clean\PTP2\Probant4_PTP206_PTP206.csv;0.0;291;0;0;0;0;0;291;1.0;ptp2
Exports/Daten_Raw_Clean\PTP2\Probant4_PTP207_PTP207.csv;0.0;313;0;0;0;0;0;313;1.0;ptp2
Exports/Daten_Raw_Clean\PTP2\Probant4_PTP208_PTP208.csv;0.0;330;0;0;0;0;0;330;1.0;ptp2
Exports/Daten_Raw_Clean\PTP2\Probant4_PTP209_PTP209.csv;0.0;317;0;0;0;0;0;317;1.0;ptp2
Exports/Daten_Raw_Clean\PTP2\Probant4_PTP210_PTP210.csv;0.0;384;0;0;0;0;0;384;1.0;ptp2
Exports/Daten_Raw_Clean\PTP2\Probant5_PTP206_PTP206.csv;0.0;300;0;0;0;0;0;300;1.0;ptp2
Exports/Daten_Raw_Clean\PTP2\Probant5_PTP207_PTP207.csv;0.0;308;0;0;0;0;0;308;1.0;ptp2
Exports/Daten_Raw_Clean\PTP2\Probant5_PTP208_PTP208.csv;0.0;301;0;0;0;0;0;301;1.0;ptp2
Exports/Daten_Raw_Clean\PTP2\Probant5_PTP209_PTP209.csv;0.0;313;0;0;0;0;0;313;1.0;ptp2
Exports/Daten_Raw_Clean\PTP2\Probant5_PTP210_PTP210.csv;0.0;331;0;0;0;0;0;331;1.0;ptp2
Exports/Daten_Raw_Clean\PTP2\Probant6_PTP201_PTP201.csv;0.0;320;0;0;0;0;0;320;1.0;ptp2
Exports/Daten_Raw_Clean\PTP2\Probant6_PTP202_PTP202.csv;0.0;252;0;0;0;0;0;252;1.0;ptp2
Exports/Daten_Raw_Clean\PTP2\Probant6_PTP203_PTP203.csv;0.0;181;0;0;0;0;0;181;1.0;ptp2
Exports/Daten_Raw_Clean\PTP2\Probant6_PTP204_PTP204.csv;0.0;207;0;0;0;0;0;207;1.0;ptp2
Exports/Daten_Raw_Clean\PTP2\Probant6_PTP205_PTP205.csv;0.0;243;0;0;0;0;0;243;1.0;ptp2
Exports/Daten_Raw_Clean\PTP2\Probant7_PTP201_PTP201.csv;0.0;430;0;0;0;0;0;430;1.0;ptp2
Exports/Daten_Raw_Clean\PTP2\Probant7_PTP202_PTP202.csv;0.0;421;0;0;0;0;0;421;1.0;ptp2
Exports/Daten_Raw_Clean\PTP2\Probant7_PTP203_PTP203.csv;0.0;765;0;0;0;0;0;765;1.0;ptp2
Exports/Daten_Raw_Clean\PTP2\Probant7_PTP204_PTP204.csv;0.0;424;0;0;0;0;0;424;1.0;ptp2
Exports/Daten_Raw_Clean\PTP2\Probant7_PTP205_PTP205.csv;0.0;390;0;0;0;0;0;390;1.0;ptp2
Exports/Daten_Raw_Clean\PTP2\Probant8_PTP207_PTP207.csv;0.0;302;0;0;0;0;0;302;1.0;ptp2
Exports/Daten_Raw_Clean\PTP2\Probant8_PTP208_PTP208.csv;0.0;268;0;0;0;0;0;268;1.0;ptp2
Exports/Daten_Raw_Clean\PTP2\Probant8_PTP209_PTP209.csv;0.0;344;0;0;0;0;0;344;1.0;ptp2
Exports/Daten_Raw_Clean\PTP2\Probant9_PTP-1122_PTP-1122.csv;0.0;284;0;0;0;0;0;284;1.0;ptp2
Exports/Daten_Raw_Clean\PTP2\Probant9_PTP-1123_PTP-1123.csv;0.0;297;0;0;0;0;0;297;1.0;ptp2
Exports/Daten_Raw_Clean\PTP2\Probant9_PTP-1124_PTP-1124.csv;0.0;271;0;0;0;0;0;271;1.0;ptp2
Exports/Daten_Raw_Clean\PTP2\Probant9_PTP-1125_PTP-1125.csv;0.0;285;0;0;0;0;0;285;1.0;ptp2
Exports/Daten_Raw_Clean\PTP2\Probant9_PTP-1126_PTP-1126.csv;0.0;273;0;0;0;0;0;273;1.0;ptp2
Exports/Daten_Raw_Clean\PTP2\Probant35_PTP254_PTP254.csv;65.005;195;0;0;1;1;1;190;0.9948717948717949;ptp2
Exports/Daten_Raw_Clean\PTP2\Probant18_PTP239_PTP239.csv;65.081;295;0;0;1;1;1;214;0.9966101694915255;ptp2
Exports/Daten_Raw_Clean\PTP2\Probant35_PTP252_PTP252.csv;175.043;244;0;0;3;1;3;201;0.9877049180327869;ptp2
Exports/Daten_Raw_Clean\PTP2\Probant35_PTP253_PTP253.csv;470.061;236;0;0;8;3;8;175;0.9661016949152542;ptp2
Exports/Daten_Raw_Clean\PTP2\Probant35_PTP255_PTP255.csv;1320.089;285;0;0;22;11;22;196;0.9228070175438596;ptp2
Exports/Daten_Raw_Clean\Präzision\Probant10_Präzision20_Präzision20.csv;0.0;467;0;0;0;0;0;467;1.0;präzision
Exports/Daten_Raw_Clean\Präzision\Probant10_Präzision21_Präzision21.csv;0.0;446;0;0;0;0;0;446;1.0;präzision
Exports/Daten_Raw_Clean\Präzision\Probant10_Präzision22_Präzision22.csv;0.0;457;0;0;0;0;0;457;1.0;präzision
Exports/Daten_Raw_Clean\Präzision\Probant10_Präzision24_Präzision24.csv;0.0;553;0;0;0;0;0;553;1.0;präzision
Exports/Daten_Raw_Clean\Präzision\Probant10_Präzision25_Präzision25.csv;0.0;665;0;0;0;0;0;665;1.0;präzision
Exports/Daten_Raw_Clean\Präzision\Probant10_Präzision27_Präzision27.csv;0.0;640;0;0;0;0;0;640;1.0;präzision
Exports/Daten_Raw_Clean\Präzision\Probant11_Präzision22_Präzision22.csv;0.0;454;0;0;0;0;0;454;1.0;präzision
Exports/Daten_Raw_Clean\Präzision\Probant11_Präzision24_Präzision24.csv;0.0;488;0;0;0;0;0;488;1.0;präzision
Exports/Daten_Raw_Clean\Präzision\Probant11_Präzision29_Präzision29.csv;0.0;497;0;0;0;0;0;497;1.0;präzision
Exports/Daten_Raw_Clean\Präzision\Probant11_Präzision31_Präzision31.csv;0.0;532;0;0;0;0;0;532;1.0;präzision
Exports/Daten_Raw_Clean\Präzision\Probant12_Präzision21_Präzision21.csv;0.0;576;0;0;0;0;0;576;1.0;präzision
Exports/Daten_Raw_Clean\Präzision\Probant12_Präzision22_Präzision22.csv;0.0;424;0;0;0;0;0;424;1.0;präzision
Exports/Daten_Raw_Clean\Präzision\Probant12_Präzision23_Präzision23.csv;0.0;473;0;0;0;0;0;473;1.0;präzision
Exports/Daten_Raw_Clean\Präzision\Probant12_Präzision24_Präzision24.csv;0.0;465;0;0;0;0;0;465;1.0;präzision
Exports/Daten_Raw_Clean\Präzision\Probant12_Präzision25_Präzision25.csv;0.0;548;0;0;0;0;0;548;1.0;präzision
Exports/Daten_Raw_Clean\Präzision\Probant12_Präzision26_Präzision26.csv;0.0;422;0;0;0;0;0;422;1.0;präzision
Exports/Daten_Raw_Clean\Präzision\Probant12_Präzision27_Präzision27.csv;0.0;401;0;0;0;0;0;401;1.0;präzision
Exports/Daten_Raw_Clean\Präzision\Probant12_Präzision28_Präzision28.csv;0.0;410;0;0;0;0;0;410;1.0;präzision
Exports/Daten_Raw_Clean\Präzision\Probant13_Präzision29_Präzision29.csv;0.0;457;0;0;0;0;0;457;1.0;präzision
Exports/Daten_Raw_Clean\Präzision\Probant13_Präzision31_Präzision31.csv;0.0;418;0;0;0;0;0;418;1.0;präzision
Exports/Daten_Raw_Clean\Präzision\Probant13_Präzision32_Präzision32.csv;0.0;444;0;0;0;0;0;444;1.0;präzision
Exports/Daten_Raw_Clean\Präzision\Probant13_Präzision34_Präzision34.csv;0.0;499;0;0;0;0;0;499;1.0;präzision
Exports/Daten_Raw_Clean\Präzision\Probant13_Präzision35_Präzision35.csv;0.0;608;0;0;0;0;0;608;1.0;präzision
Exports/Daten_Raw_Clean\Präzision\Probant13_Präzision36_Präzision36.csv;0.0;477;0;0;0;0;0;477;1.0;präzision
Exports/Daten_Raw_Clean\Präzision\Probant13_Präzision37_Präzision37.csv;0.0;468;0;0;0;0;0;468;1.0;präzision
Exports/Daten_Raw_Clean\Präzision\Probant14_Präzision38_Präzision38.csv;0.0;431;0;0;0;0;0;431;1.0;präzision
Exports/Daten_Raw_Clean\Präzision\Probant14_Präzision39_Präzision39.csv;0.0;470;0;0;0;0;0;470;1.0;präzision
Exports/Daten_Raw_Clean\Präzision\Probant14_Präzision40_Präzision40.csv;0.0;407;0;0;0;0;0;407;1.0;präzision
Exports/Daten_Raw_Clean\Präzision\Probant14_Präzision41_Präzision41.csv;0.0;402;0;0;0;0;0;402;1.0;präzision
Exports/Daten_Raw_Clean\Präzision\Probant14_Präzision42_Präzision42.csv;0.0;472;0;0;0;0;0;472;1.0;präzision
Exports/Daten_Raw_Clean\Präzision\Probant14_Präzision45_Präzision45.csv;0.0;449;0;0;0;0;0;449;1.0;präzision
Exports/Daten_Raw_Clean\Präzision\Probant14_Präzision46_Präzision46.csv;0.0;470;0;0;0;0;0;470;1.0;präzision
Exports/Daten_Raw_Clean\Präzision\Probant15_Präzision48_Präzision48.csv;0.0;517;0;0;0;0;0;517;1.0;präzision
Exports/Daten_Raw_Clean\Präzision\Probant15_Präzision49_Präzision49.csv;0.0;415;0;0;0;0;0;415;1.0;präzision
Exports/Daten_Raw_Clean\Präzision\Probant15_Präzision50_Präzision50.csv;0.0;439;0;0;0;0;0;439;1.0;präzision
Exports/Daten_Raw_Clean\Präzision\Probant15_Präzision51_Präzision51.csv;0.0;416;0;0;0;0;0;416;1.0;präzision
Exports/Daten_Raw_Clean\Präzision\Probant15_Präzision57_Präzision57.csv;0.0;380;0;0;0;0;0;380;1.0;präzision
Exports/Daten_Raw_Clean\Präzision\Probant16_Präzision01112_Präzision01112.csv;0.0;601;0;0;0;0;0;601;1.0;präzision
Exports/Daten_Raw_Clean\Präzision\Probant16_Präzision01113_Präzision01113.csv;0.0;556;0;0;0;0;0;556;1.0;präzision
Exports/Daten_Raw_Clean\Präzision\Probant16_Präzision01115_Präzision01115.csv;0.0;588;0;0;0;0;0;588;1.0;präzision
Exports/Daten_Raw_Clean\Präzision\Probant16_Präzision01116_Präzision01116.csv;0.0;431;0;0;0;0;0;431;1.0;präzision
Exports/Daten_Raw_Clean\Präzision\Probant16_Präzision01117_Präzision01117.csv;0.0;553;0;0;0;0;0;553;1.0;präzision
Exports/Daten_Raw_Clean\Präzision\Probant16_Präzision01119_Präzision01119.csv;0.0;475;0;0;0;0;0;475;1.0;präzision
Exports/Daten_Raw_Clean\Präzision\Probant17_Präzision01120_Präzision01120.csv;0.0;449;0;0;0;0;0;449;1.0;präzision
Exports/Daten_Raw_Clean\Präzision\Probant17_Präzision01121_Präzision01121.csv;0.0;385;0;0;0;0;0;385;1.0;präzision
Exports/Daten_Raw_Clean\Präzision\Probant17_Präzision01122_Präzision01122.csv;0.0;386;0;0;0;0;0;386;1.0;präzision
Exports/Daten_Raw_Clean\Präzision\Probant17_Präzision01123_Präzision01123.csv;0.0;394;0;0;0;0;0;394;1.0;präzision
Exports/Daten_Raw_Clean\Präzision\Probant17_Präzision01124_Präzision01124.csv;0.0;413;0;0;0;0;0;413;1.0;präzision
Exports/Daten_Raw_Clean\Präzision\Probant17_Präzision01125_Präzision01125.csv;0.0;336;0;0;0;0;0;336;1.0;präzision
Exports/Daten_Raw_Clean\Präzision\Probant17_Präzision01126_Präzision01126.csv;0.0;434;0;0;0;0;0;434;1.0;präzision
Exports/Daten_Raw_Clean\Präzision\Probant17_Präzision01127_Präzision01127.csv;0.0;287;0;0;0;0;0;287;1.0;präzision
Exports/Daten_Raw_Clean\Präzision\Probant17_Präzision01128_Präzision01128.csv;0.0;291;0;0;0;0;0;291;1.0;präzision
Exports/Daten_Raw_Clean\Präzision\Probant18_Präzision01133_Präzision01133.csv;0.0;407;0;0;0;0;0;407;1.0;präzision
Exports/Daten_Raw_Clean\Präzision\Probant18_Präzision01134_Präzision01134.csv;0.0;357;0;0;0;0;0;357;1.0;präzision
Exports/Daten_Raw_Clean\Präzision\Probant18_Präzision01135_Präzision01135.csv;0.0;457;0;0;0;0;0;457;1.0;präzision
Exports/Daten_Raw_Clean\Präzision\Probant18_Präzision01137_Präzision01137.csv;0.0;314;0;0;0;0;0;314;1.0;präzision
Exports/Daten_Raw_Clean\Präzision\Probant19_Präzision01138_Präzision01138.csv;0.0;560;0;0;0;0;0;560;1.0;präzision
Exports/Daten_Raw_Clean\Präzision\Probant19_Präzision01141_Präzision01141.csv;0.0;672;0;0;0;0;0;672;1.0;präzision
Exports/Daten_Raw_Clean\Präzision\Probant19_Präzision01142_Präzision01142.csv;0.0;592;0;0;0;0;0;592;1.0;präzision
Exports/Daten_Raw_Clean\Präzision\Probant19_Präzision01144_Präzision01144.csv;0.0;582;0;0;0;0;0;582;1.0;präzision
Exports/Daten_Raw_Clean\Präzision\Probant19_Präzision01145_Präzision01145.csv;0.0;583;0;0;0;0;0;583;1.0;präzision
Exports/Daten_Raw_Clean\Präzision\Probant19_Präzision01148_Präzision01148.csv;0.0;761;0;0;0;0;0;761;1.0;präzision
Exports/Daten_Raw_Clean\Präzision\Probant20_Präzision01149_Präzision01149.csv;0.0;494;0;0;0;0;0;494;1.0;präzision
Exports/Daten_Raw_Clean\Präzision\Probant20_Präzision01150_Präzision01150.csv;0.0;495;0;0;0;0;0;495;1.0;präzision
Exports/Daten_Raw_Clean\Präzision\Probant20_Präzision01151_Präzision01151.csv;0.0;547;0;0;0;0;0;547;1.0;präzision
Exports/Daten_Raw_Clean\Präzision\Probant20_Präzision01152_Präzision01152.csv;0.0;753;0;0;0;0;0;753;1.0;präzision
Exports/Daten_Raw_Clean\Präzision\Probant20_Präzision01156_Präzision01156.csv;0.0;896;0;0;0;0;0;896;1.0;präzision
Exports/Daten_Raw_Clean\Präzision\Probant20_Präzision01157_Präzision01157.csv;0.0;544;0;0;0;0;0;544;1.0;präzision
Exports/Daten_Raw_Clean\Präzision\Probant21_Präzision01158_Präzision01158.csv;0.0;430;0;0;0;0;0;430;1.0;präzision
Exports/Daten_Raw_Clean\Präzision\Probant21_Präzision01159_Präzision01159.csv;0.0;416;0;0;0;0;0;416;1.0;präzision
Exports/Daten_Raw_Clean\Präzision\Probant21_Präzision01163_Präzision01163.csv;0.0;436;0;0;0;0;0;436;1.0;präzision
Exports/Daten_Raw_Clean\Präzision\Probant21_Präzision01164_Präzision01164.csv;0.0;432;0;0;0;0;0;432;1.0;präzision
Exports/Daten_Raw_Clean\Präzision\Probant21_Präzision01165_Präzision01165.csv;0.0;393;0;0;0;0;0;393;1.0;präzision
Exports/Daten_Raw_Clean\Präzision\Probant21_Präzision01166_Präzision01166.csv;0.0;428;0;0;0;0;0;428;1.0;präzision
Exports/Daten_Raw_Clean\Präzision\Probant22_Präzision01162_Präzision01162.csv;0.0;513;0;0;0;0;0;513;1.0;präzision
Exports/Daten_Raw_Clean\Präzision\Probant22_Präzision01164_Präzision01164.csv;0.0;421;0;0;0;0;0;421;1.0;präzision
Exports/Daten_Raw_Clean\Präzision\Probant22_Präzision01165_Präzision01165.csv;0.0;364;0;0;0;0;0;364;1.0;präzision
Exports/Daten_Raw_Clean\Präzision\Probant23_Präzision01158_Präzision01158.csv;0.0;339;0;0;0;0;0;339;1.0;präzision
Exports/Daten_Raw_Clean\Präzision\Probant23_Präzision01159_Präzision01159.csv;0.0;313;0;0;0;0;0;313;1.0;präzision
Exports/Daten_Raw_Clean\Präzision\Probant23_Präzision01160_Präzision01160.csv;0.0;300;0;0;0;0;0;300;1.0;präzision
Exports/Daten_Raw_Clean\Präzision\Probant23_Präzision01161_Präzision01161.csv;0.0;347;0;0;0;0;0;347;1.0;präzision
Exports/Daten_Raw_Clean\Präzision\Probant23_Präzision01162_Präzision01162.csv;0.0;355;0;0;0;0;0;355;1.0;präzision
Exports/Daten_Raw_Clean\Präzision\Probant23_Präzision01163_Präzision01163.csv;0.0;374;0;0;0;0;0;374;1.0;präzision
Exports/Daten_Raw_Clean\Präzision\Probant23_Präzision01164_Präzision01164.csv;0.0;348;0;0;0;0;0;348;1.0;präzision
Exports/Daten_Raw_Clean\Präzision\Probant23_Präzision01165_Präzision01165.csv;0.0;320;0;0;0;0;0;320;1.0;präzision
Exports/Daten_Raw_Clean\Präzision\Probant23_Präzision01166_Präzision01166.csv;0.0;379;0;0;0;0;0;379;1.0;präzision
Exports/Daten_Raw_Clean\Präzision\Probant24_Präzision01158_Präzision01158.csv;0.0;323;0;0;0;0;0;323;1.0;präzision
Exports/Daten_Raw_Clean\Präzision\Probant24_Präzision01159_Präzision01159.csv;0.0;324;0;0;0;0;0;324;1.0;präzision
Exports/Daten_Raw_Clean\Präzision\Probant24_Präzision01160_Präzision01160.csv;0.0;306;0;0;0;0;0;306;1.0;präzision
Exports/Daten_Raw_Clean\Präzision\Probant24_Präzision01161_Präzision01161.csv;0.0;294;0;0;0;0;0;294;1.0;präzision
Exports/Daten_Raw_Clean\Präzision\Probant24_Präzision01164_Präzision01164.csv;0.0;311;0;0;0;0;0;311;1.0;präzision
Exports/Daten_Raw_Clean\Präzision\Probant24_Präzision01165_Präzision01165.csv;0.0;267;0;0;0;0;0;267;1.0;präzision
Exports/Daten_Raw_Clean\Präzision\Probant24_Präzision01166_Präzision01166.csv;0.0;231;0;0;0;0;0;231;1.0;präzision
Exports/Daten_Raw_Clean\Präzision\Probant25_Präzision01158_Präzision01158.csv;0.0;494;0;0;0;0;0;494;1.0;präzision
Exports/Daten_Raw_Clean\Präzision\Probant25_Präzision01160_Präzision01160.csv;0.0;424;0;0;0;0;0;424;1.0;präzision
Exports/Daten_Raw_Clean\Präzision\Probant25_Präzision01161_Präzision01161.csv;0.0;474;0;0;0;0;0;474;1.0;präzision
Exports/Daten_Raw_Clean\Präzision\Probant25_Präzision01162_Präzision01162.csv;0.0;408;0;0;0;0;0;408;1.0;präzision
Exports/Daten_Raw_Clean\Präzision\Probant25_Präzision01164_Präzision01164.csv;0.0;480;0;0;0;0;0;480;1.0;präzision
Exports/Daten_Raw_Clean\Präzision\Probant26_Gewicht65_Gewicht65.csv;0.0;391;0;0;0;0;0;391;1.0;präzision
Exports/Daten_Raw_Clean\Präzision\Probant26_Gewicht66_Gewicht66.csv;0.0;354;0;0;0;0;0;354;1.0;präzision
Exports/Daten_Raw_Clean\Präzision\Probant26_Gewicht68_Gewicht68.csv;0.0;545;0;0;0;0;0;545;1.0;präzision
Exports/Daten_Raw_Clean\Präzision\Probant26_Gewicht70_Gewicht70.csv;0.0;442;0;0;0;0;0;442;1.0;präzision
Exports/Daten_Raw_Clean\Präzision\Probant26_Gewicht71_Gewicht71.csv;0.0;339;0;0;0;0;0;339;1.0;präzision
Exports/Daten_Raw_Clean\Präzision\Probant26_Gewicht72_Gewicht72.csv;0.0;333;0;0;0;0;0;333;1.0;präzision
Exports/Daten_Raw_Clean\Präzision\Probant26_Gewicht73_Gewicht73.csv;0.0;347;0;0;0;0;0;347;1.0;präzision
Exports/Daten_Raw_Clean\Präzision\Probant27_Präzision01158_Präzision01158.csv;0.0;420;0;0;0;0;0;420;1.0;präzision
Exports/Daten_Raw_Clean\Präzision\Probant27_Präzision01161_Präzision01161.csv;0.0;510;0;0;0;0;0;510;1.0;präzision
Exports/Daten_Raw_Clean\Präzision\Probant27_Präzision01162_Präzision01162.csv;0.0;342;0;0;0;0;0;342;1.0;präzision
Exports/Daten_Raw_Clean\Präzision\Probant27_Präzision01164_Präzision01164.csv;0.0;297;0;0;0;0;0;297;1.0;präzision
Exports/Daten_Raw_Clean\Präzision\Probant28_Präzision01158_Präzision01158.csv;0.0;484;0;0;0;0;0;484;1.0;präzision
Exports/Daten_Raw_Clean\Präzision\Probant28_Präzision01159_Präzision01159.csv;0.0;442;0;0;0;0;0;442;1.0;präzision
Exports/Daten_Raw_Clean\Präzision\Probant28_Präzision01160_Präzision01160.csv;0.0;392;0;0;0;0;0;392;1.0;präzision
Exports/Daten_Raw_Clean\Präzision\Probant28_Präzision01161_Präzision01161.csv;0.0;421;0;0;0;0;0;421;1.0;präzision
Exports/Daten_Raw_Clean\Präzision\Probant28_Präzision01164_Präzision01164.csv;0.0;489;0;0;0;0;0;489;1.0;präzision
Exports/Daten_Raw_Clean\Präzision\Probant28_Präzision01165_Präzision01165.csv;0.0;491;0;0;0;0;0;491;1.0;präzision
Exports/Daten_Raw_Clean\Präzision\Probant28_Präzision01166_Präzision01166.csv;0.0;412;0;0;0;0;0;412;1.0;präzision
Exports/Daten_Raw_Clean\Präzision\Probant29_Präzision01158_Präzision01158.csv;0.0;387;0;0;0;0;0;387;1.0;präzision
Exports/Daten_Raw_Clean\Präzision\Probant29_Präzision01159_Präzision01159.csv;0.0;327;0;0;0;0;0;327;1.0;präzision
Exports/Daten_Raw_Clean\Präzision\Probant29_Präzision01160_Präzision01160.csv;0.0;329;0;0;0;0;0;329;1.0;präzision
Exports/Daten_Raw_Clean\Präzision\Probant29_Präzision01161_Präzision01161.csv;0.0;312;0;0;0;0;0;312;1.0;präzision
Exports/Daten_Raw_Clean\Präzision\Probant29_Präzision01162_Präzision01162.csv;0.0;301;0;0;0;0;0;301;1.0;präzision
Exports/Daten_Raw_Clean\Präzision\Probant29_Präzision01163_Präzision01163.csv;0.0;317;0;0;0;0;0;317;1.0;präzision
Exports/Daten_Raw_Clean\Präzision\Probant29_Präzision01164_Präzision01164.csv;0.0;330;0;0;0;0;0;330;1.0;präzision
Exports/Daten_Raw_Clean\Präzision\Probant29_Präzision01165_Präzision01165.csv;0.0;293;0;0;0;0;0;293;1.0;präzision
Exports/Daten_Raw_Clean\Präzision\Probant29_Präzision01166_Präzision01166.csv;0.0;276;0;0;0;0;0;276;1.0;präzision
Exports/Daten_Raw_Clean\Präzision\Probant30_Präzision01158_Präzision01158.csv;0.0;472;0;0;0;0;0;472;1.0;präzision
Exports/Daten_Raw_Clean\Präzision\Probant30_Präzision01159_Präzision01159.csv;0.0;433;0;0;0;0;0;433;1.0;präzision
Exports/Daten_Raw_Clean\Präzision\Probant30_Präzision01161_Präzision01161.csv;0.0;504;0;0;0;0;0;504;1.0;präzision
Exports/Daten_Raw_Clean\Präzision\Probant30_Präzision01162_Präzision01162.csv;0.0;431;0;0;0;0;0;431;1.0;präzision
Exports/Daten_Raw_Clean\Präzision\Probant30_Präzision01163_Präzision01163.csv;0.0;418;0;0;0;0;0;418;1.0;präzision
Exports/Daten_Raw_Clean\Präzision\Probant30_Präzision01165_Präzision01165.csv;0.0;465;0;0;0;0;0;465;1.0;präzision
Exports/Daten_Raw_Clean\Präzision\Probant30_Präzision01166_Präzision01166.csv;0.0;448;0;0;0;0;0;448;1.0;präzision
Exports/Daten_Raw_Clean\Präzision\Probant30_Präzision01167_Präzision01167.csv;0.0;390;0;0;0;0;0;390;1.0;präzision
Exports/Daten_Raw_Clean\Präzision\Probant31_Präzision01158_Präzision01158.csv;0.0;360;0;0;0;0;0;360;1.0;präzision
Exports/Daten_Raw_Clean\Präzision\Probant31_Präzision01159_Präzision01159.csv;0.0;389;0;0;0;0;0;389;1.0;präzision
Exports/Daten_Raw_Clean\Präzision\Probant31_Präzision01160_Präzision01160.csv;0.0;398;0;0;0;0;0;398;1.0;präzision
Exports/Daten_Raw_Clean\Präzision\Probant31_Präzision01161_Präzision01161.csv;0.0;362;0;0;0;0;0;362;1.0;präzision
Exports/Daten_Raw_Clean\Präzision\Probant31_Präzision01162_Präzision01162.csv;0.0;369;0;0;0;0;0;369;1.0;präzision
Exports/Daten_Raw_Clean\Präzision\Probant31_Präzision01163_Präzision01163.csv;0.0;383;0;0;0;0;0;383;1.0;präzision
Exports/Daten_Raw_Clean\Präzision\Probant31_Präzision01164_Präzision01164.csv;0.0;371;0;0;0;0;0;371;1.0;präzision
Exports/Daten_Raw_Clean\Präzision\Probant31_Präzision01166_Präzision01166.csv;0.0;444;0;0;0;0;0;444;1.0;präzision
Exports/Daten_Raw_Clean\Präzision\Probant32_Präzision01158_Präzision01158.csv;0.0;412;0;0;0;0;0;412;1.0;präzision
Exports/Daten_Raw_Clean\Präzision\Probant32_Präzision01161_Präzision01161.csv;0.0;311;0;0;0;0;0;311;1.0;präzision
Exports/Daten_Raw_Clean\Präzision\Probant32_Präzision01162_Präzision01162.csv;0.0;403;0;0;0;0;0;403;1.0;präzision
Exports/Daten_Raw_Clean\Präzision\Probant32_Präzision01163_Präzision01163.csv;0.0;352;0;0;0;0;0;352;1.0;präzision
Exports/Daten_Raw_Clean\Präzision\Probant32_Präzision01164_Präzision01164.csv;0.0;505;0;0;0;0;0;505;1.0;präzision
Exports/Daten_Raw_Clean\Präzision\Probant32_Präzision01166_Präzision01166.csv;0.0;373;0;0;0;0;0;373;1.0;präzision
Exports/Daten_Raw_Clean\Präzision\Probant33_Präzision01158_Präzision01158.csv;0.0;388;0;0;0;0;0;388;1.0;präzision
Exports/Daten_Raw_Clean\Präzision\Probant33_Präzision01159_Präzision01159.csv;0.0;389;0;0;0;0;0;389;1.0;präzision
Exports/Daten_Raw_Clean\Präzision\Probant33_Präzision01160_Präzision01160.csv;0.0;334;0;0;0;0;0;334;1.0;präzision
Exports/Daten_Raw_Clean\Präzision\Probant33_Präzision01161_Präzision01161.csv;0.0;466;0;0;0;0;0;466;1.0;präzision
Exports/Daten_Raw_Clean\Präzision\Probant33_Präzision01162_Präzision01162.csv;0.0;344;0;0;0;0;0;344;1.0;präzision
Exports/Daten_Raw_Clean\Präzision\Probant33_Präzision01163_Präzision01163.csv;0.0;316;0;0;0;0;0;316;1.0;präzision
Exports/Daten_Raw_Clean\Präzision\Probant33_Präzision01164_Präzision01164.csv;0.0;367;0;0;0;0;0;367;1.0;präzision
Exports/Daten_Raw_Clean\Präzision\Probant33_Präzision01165_Präzision01165.csv;0.0;288;0;0;0;0;0;288;1.0;präzision
Exports/Daten_Raw_Clean\Präzision\Probant33_Präzision01166_Präzision01166.csv;0.0;321;0;0;0;0;0;321;1.0;präzision
Exports/Daten_Raw_Clean\Präzision\Probant34_Präzision01158_Präzision01158.csv;0.0;428;0;0;0;0;0;428;1.0;präzision
Exports/Daten_Raw_Clean\Präzision\Probant34_Präzision01159_Präzision01159.csv;0.0;366;0;0;0;0;0;366;1.0;präzision
Exports/Daten_Raw_Clean\Präzision\Probant34_Präzision01160_Präzision01160.csv;0.0;437;0;0;0;0;0;437;1.0;präzision
Exports/Daten_Raw_Clean\Präzision\Probant34_Präzision01161_Präzision01161.csv;0.0;468;0;0;0;0;0;468;1.0;präzision
Exports/Daten_Raw_Clean\Präzision\Probant34_Präzision01162_Präzision01162.csv;0.0;359;0;0;0;0;0;359;1.0;präzision
Exports/Daten_Raw_Clean\Präzision\Probant34_Präzision01163_Präzision01163.csv;0.0;390;0;0;0;0;0;390;1.0;präzision
Exports/Daten_Raw_Clean\Präzision\Probant34_Präzision01164_Präzision01164.csv;0.0;415;0;0;0;0;0;415;1.0;präzision
Exports/Daten_Raw_Clean\Präzision\Probant34_Präzision01165_Präzision01165.csv;0.0;340;0;0;0;0;0;340;1.0;präzision
Exports/Daten_Raw_Clean\Präzision\Probant34_Präzision01166_Präzision01166.csv;0.0;371;0;0;0;0;0;371;1.0;präzision
Exports/Daten_Raw_Clean\Präzision\Probant35_Präzision01158_Präzision01158.csv;0.0;392;0;0;0;0;0;392;1.0;präzision
Exports/Daten_Raw_Clean\Präzision\Probant35_Präzision01159_Präzision01159.csv;0.0;344;0;0;0;0;0;344;1.0;präzision
Exports/Daten_Raw_Clean\Präzision\Probant35_Präzision01160_Präzision01160.csv;0.0;288;0;0;0;0;0;288;1.0;präzision
Exports/Daten_Raw_Clean\Präzision\Probant35_Präzision01163_Präzision01163.csv;0.0;362;0;0;0;0;0;362;1.0;präzision
Exports/Daten_Raw_Clean\Präzision\Probant35_Präzision01164_Präzision01164.csv;0.0;308;0;0;0;0;0;308;1.0;präzision
Exports/Daten_Raw_Clean\Präzision\Probant35_Präzision01165_Präzision01165.csv;0.0;313;0;0;0;0;0;313;1.0;präzision
Exports/Daten_Raw_Clean\Präzision\Probant36_Präzision01158_Präzision01158.csv;0.0;479;0;0;0;0;0;479;1.0;präzision
Exports/Daten_Raw_Clean\Präzision\Probant36_Präzision01159_Präzision01159.csv;0.0;388;0;0;0;0;0;388;1.0;präzision
Exports/Daten_Raw_Clean\Präzision\Probant36_Präzision01160_Präzision01160.csv;0.0;354;0;0;0;0;0;354;1.0;präzision
Exports/Daten_Raw_Clean\Präzision\Probant36_Präzision01161_Präzision01161.csv;0.0;397;0;0;0;0;0;397;1.0;präzision
Exports/Daten_Raw_Clean\Präzision\Probant36_Präzision01162_Präzision01162.csv;0.0;407;0;0;0;0;0;407;1.0;präzision
Exports/Daten_Raw_Clean\Präzision\Probant36_Präzision01163_Präzision01163.csv;0.0;553;0;0;0;0;0;553;1.0;präzision
Exports/Daten_Raw_Clean\Präzision\Probant36_Präzision01164_Präzision01164.csv;0.0;459;0;0;0;0;0;459;1.0;präzision
Exports/Daten_Raw_Clean\Präzision\Probant36_Präzision01165_Präzision01165.csv;0.0;382;0;0;0;0;0;382;1.0;präzision
Exports/Daten_Raw_Clean\Präzision\Probant36_Präzision01166_Präzision01166.csv;0.0;425;0;0;0;0;0;425;1.0;präzision
Exports/Daten_Raw_Clean\Präzision\Probant37_Präzision01158_Präzision01158.csv;0.0;382;0;0;0;0;0;382;1.0;präzision
Exports/Daten_Raw_Clean\Präzision\Probant37_Präzision01159_Präzision01159.csv;0.0;361;0;0;0;0;0;361;1.0;präzision
Exports/Daten_Raw_Clean\Präzision\Probant37_Präzision01160_Präzision01160.csv;0.0;398;0;0;0;0;0;398;1.0;präzision
Exports/Daten_Raw_Clean\Präzision\Probant37_Präzision01161_Präzision01161.csv;0.0;350;0;0;0;0;0;350;1.0;präzision
Exports/Daten_Raw_Clean\Präzision\Probant37_Präzision01162_Präzision01162.csv;0.0;323;0;0;0;0;0;323;1.0;präzision
Exports/Daten_Raw_Clean\Präzision\Probant37_Präzision01163_Präzision01163.csv;0.0;376;0;0;0;0;0;376;1.0;präzision
Exports/Daten_Raw_Clean\Präzision\Probant37_Präzision01165_Präzision01165.csv;0.0;278;0;0;0;0;0;278;1.0;präzision
Exports/Daten_Raw_Clean\Präzision\Probant37_Präzision01166_Präzision01166.csv;0.0;306;0;0;0;0;0;306;1.0;präzision
Exports/Daten_Raw_Clean\Präzision\Probant38_Präzision01_Präzision01.csv;0.0;331;0;0;0;0;0;331;1.0;präzision
Exports/Daten_Raw_Clean\Präzision\Probant38_Präzision03_Präzision03.csv;0.0;256;0;0;0;0;0;256;1.0;präzision
Exports/Daten_Raw_Clean\Präzision\Probant38_Präzision06_Präzision06.csv;0.0;334;0;0;0;0;0;334;1.0;präzision
Exports/Daten_Raw_Clean\Präzision\Probant38_Präzision07_Präzision07.csv;0.0;286;0;0;0;0;0;286;1.0;präzision
Exports/Daten_Raw_Clean\Präzision\Probant38_Präzision09_Präzision09.csv;0.0;342;0;0;0;0;0;342;1.0;präzision
Exports/Daten_Raw_Clean\Präzision\Probant38_Präzision10_Präzision10.csv;0.0;331;0;0;0;0;0;331;1.0;präzision
Exports/Daten_Raw_Clean\Präzision\Probant39_Präzision01159_Präzision01159.csv;0.0;373;0;0;0;0;0;373;1.0;präzision
Exports/Daten_Raw_Clean\Präzision\Probant39_Präzision01161_Präzision01161.csv;0.0;285;0;0;0;0;0;285;1.0;präzision
Exports/Daten_Raw_Clean\Präzision\Probant39_Präzision01162_Präzision01162.csv;0.0;385;0;0;0;0;0;385;1.0;präzision
Exports/Daten_Raw_Clean\Präzision\Probant39_Präzision01163_Präzision01163.csv;0.0;310;0;0;0;0;0;310;1.0;präzision
Exports/Daten_Raw_Clean\Präzision\Probant39_Präzision01164_Präzision01164.csv;0.0;337;0;0;0;0;0;337;1.0;präzision
Exports/Daten_Raw_Clean\Präzision\Probant39_Präzision01165_Präzision01165.csv;0.0;405;0;0;0;0;0;405;1.0;präzision
Exports/Daten_Raw_Clean\Präzision\Probant39_Präzision01166_Präzision01166.csv;0.0;313;0;0;0;0;0;313;1.0;präzision
Exports/Daten_Raw_Clean\Präzision\Probant39_Präzision01167_Präzision01167.csv;0.0;348;0;0;0;0;0;348;1.0;präzision
Exports/Daten_Raw_Clean\Präzision\Probant6_Präzision11_Präzision11.csv;0.0;954;0;0;0;0;0;954;1.0;präzision
Exports/Daten_Raw_Clean\Präzision\Probant6_Präzision12_Präzision12.csv;0.0;910;0;0;0;0;0;910;1.0;präzision
Exports/Daten_Raw_Clean\Präzision\Probant6_Präzision14_Präzision14.csv;0.0;651;0;0;0;0;0;651;1.0;präzision
Exports/Daten_Raw_Clean\Präzision\Probant6_Präzision15_Präzision15.csv;0.0;1012;0;0;0;0;0;1012;1.0;präzision
Exports/Daten_Raw_Clean\Präzision\Probant6_Präzision16_Präzision16.csv;0.0;726;0;0;0;0;0;726;1.0;präzision
Exports/Daten_Raw_Clean\Präzision\Probant6_Präzision17_Präzision17.csv;0.0;520;0;0;0;0;0;520;1.0;präzision
Exports/Daten_Raw_Clean\Präzision\Probant6_Präzision18_Präzision18.csv;0.0;697;0;0;0;0;0;697;1.0;präzision
Exports/Daten_Raw_Clean\Präzision\Probant6_Präzision19_Präzision19.csv;0.0;694;0;0;0;0;0;694;1.0;präzision
Exports/Daten_Raw_Clean\Präzision\Probant6_Präzision20_Präzision20.csv;0.0;680;0;0;0;0;0;680;1.0;präzision
Exports/Daten_Raw_Clean\Präzision\Probant8_Präzision22_Präzision22.csv;0.0;522;0;0;0;0;0;522;1.0;präzision
Exports/Daten_Raw_Clean\Präzision\Probant8_Präzision23_Präzision23.csv;0.0;526;0;0;0;0;0;526;1.0;präzision
Exports/Daten_Raw_Clean\Präzision\Probant8_Präzision27_Präzision27.csv;0.0;471;0;0;0;0;0;471;1.0;präzision
Exports/Daten_Raw_Clean\Präzision\Probant8_Präzision28_Präzision28.csv;0.0;429;0;0;0;0;0;429;1.0;präzision
Exports/Daten_Raw_Clean\Präzision\Probant9_Präzision20_Präzision20.csv;0.0;477;0;0;0;0;0;477;1.0;präzision
Exports/Daten_Raw_Clean\Präzision\Probant9_Präzision21_Präzision21.csv;0.0;489;0;0;0;0;0;489;1.0;präzision
Exports/Daten_Raw_Clean\Präzision\Probant9_Präzision22_Präzision22.csv;0.0;571;0;0;0;0;0;571;1.0;präzision
Exports/Daten_Raw_Clean\Präzision\Probant9_Präzision23_Präzision23.csv;0.0;527;0;0;0;0;0;527;1.0;präzision
Exports/Daten_Raw_Clean\Präzision\Probant9_Präzision24_Präzision24.csv;0.0;445;0;0;0;0;0;445;1.0;präzision
Exports/Daten_Raw_Clean\Präzision\Probant9_Präzision25_Präzision25.csv;0.0;457;0;0;0;0;0;457;1.0;präzision
Exports/Daten_Raw_Clean\Präzision\Probant9_Präzision26_Präzision26.csv;0.0;715;0;0;0;0;0;715;1.0;präzision
Exports/Daten_Raw_Clean\Präzision\Probant9_Präzision27_Präzision27.csv;0.0;457;0;0;0;0;0;457;1.0;präzision
Exports/Daten_Raw_Clean\Präzision\Probant9_Präzision28_Präzision28.csv;0.0;609;0;0;0;0;0;609;1.0;präzision
Exports/Daten_Raw_Clean\Präzision\Probant6_Präzision13_Präzision13.csv;65.005;666;0;0;1;1;1;661;0.9984984984984985;präzision
Exports/Daten_Raw_Clean\Präzision\Probant24_Präzision01163_Präzision01163.csv;65.025;319;0;0;1;1;1;294;0.9968652037617555;präzision
Exports/Daten_Raw_Clean\Präzision\Probant24_Präzision01162_Präzision01162.csv;65.041;274;0;0;1;1;1;233;0.9963503649635036;präzision
Exports/Daten_Raw_Clean\Präzision\Probant8_Präzision24_Präzision24.csv;65.052;572;0;0;1;1;1;520;0.9982517482517482;präzision
Exports/Daten_Raw_Clean\Präzision\Probant35_Präzision01166_Präzision01166.csv;65.069;368;0;0;1;1;1;299;0.9972826086956522;präzision
Exports/Daten_Raw_Clean\Präzision\Probant32_Präzision01160_Präzision01160.csv;65.079;397;0;0;1;1;1;318;0.9974811083123426;präzision
Exports/Daten_Raw_Clean\Präzision\Probant18_Präzision01132_Präzision01132.csv;65.093;755;0;0;1;1;1;662;0.9986754966887417;präzision
Exports/Daten_Raw_Clean\Präzision\Probant16_Präzision01118_Präzision01118.csv;65.103;444;0;0;1;1;1;341;0.9977477477477478;präzision
Exports/Daten_Raw_Clean\Präzision\Probant31_Präzision01165_Präzision01165.csv;65.114;443;0;0;1;1;1;329;0.9977426636568849;präzision
Exports/Daten_Raw_Clean\Präzision\Probant25_Präzision01166_Präzision01166.csv;65.128;520;0;0;1;1;1;392;0.9980769230769231;präzision
Exports/Daten_Raw_Clean\Präzision\Probant32_Präzision01159_Präzision01159.csv;65.146;321;0;0;1;1;1;175;0.9968847352024922;präzision
Exports/Daten_Raw_Clean\Präzision\Probant10_Präzision23_Präzision23.csv;65.152;567;0;0;1;1;1;415;0.9982363315696648;präzision
Exports/Daten_Raw_Clean\Präzision\Probant11_Präzision26_Präzision26.csv;65.24;510;0;0;1;1;1;270;0.9980392156862745;präzision
Exports/Daten_Raw_Clean\Präzision\Probant13_Präzision30_Präzision30.csv;120.225;452;0;0;2;1;2;227;0.995575221238938;präzision
Exports/Daten_Raw_Clean\Präzision\Probant38_Präzision08_Präzision08.csv;130.036;342;0;0;2;2;2;306;0.9941520467836257;präzision
Exports/Daten_Raw_Clean\Präzision\Probant13_Präzision33_Präzision33.csv;130.141;485;0;0;2;2;2;344;0.9958762886597938;präzision
Exports/Daten_Raw_Clean\Präzision\Probant25_Präzision01159_Präzision01159.csv;130.222;426;0;0;2;2;2;204;0.9953051643192489;präzision
Exports/Daten_Raw_Clean\Präzision\Probant35_Präzision01161_Präzision01161.csv;130.272;487;0;0;2;2;2;215;0.9958932238193019;präzision
Exports/Daten_Raw_Clean\Präzision\Probant39_Präzision01160_Präzision01160.csv;175.028;316;0;0;3;1;3;288;0.990506329113924;präzision
Exports/Daten_Raw_Clean\Präzision\Probant22_Präzision01163_Präzision01163.csv;175.11;298;0;0;3;1;3;188;0.9899328859060402;präzision
Exports/Daten_Raw_Clean\Präzision\Probant25_Präzision01163_Präzision01163.csv;185.072;381;0;0;3;2;3;309;0.9921259842519685;präzision
Exports/Daten_Raw_Clean\Präzision\Probant35_Präzision01162_Präzision01162.csv;260.208;328;0;0;4;4;4;120;0.9878048780487805;präzision
Exports/Daten_Raw_Clean\Präzision\Probant19_Präzision01143_Präzision01143.csv;260.356;655;0;0;4;4;4;299;0.9938931297709923;präzision
Exports/Daten_Raw_Clean\Präzision\Probant10_Präzision26_Präzision26.csv;305.123;401;0;0;5;3;5;278;0.9875311720698254;präzision
Exports/Daten_Raw_Clean\Präzision\Probant27_Präzision01165_Präzision01165.csv;305.158;295;0;0;5;3;5;137;0.9830508474576272;präzision
Exports/Daten_Raw_Clean\Präzision\Probant18_Präzision01130_Präzision01130.csv;315.151;417;0;0;5;4;5;266;0.988009592326139;präzision
Exports/Daten_Raw_Clean\Präzision\Probant26_Gewicht64_Gewicht64.csv;360.021;497;0;0;6;3;6;476;0.9879275653923542;präzision
Exports/Daten_Raw_Clean\Präzision\Probant18_Präzision01131_Präzision01131.csv;380.246;360;0;0;6;5;6;114;0.9833333333333333;präzision
Exports/Daten_Raw_Clean\Präzision\Probant9_Präzision29_Präzision29.csv;380.293;481;0;0;6;5;6;188;0.9875259875259875;präzision
Exports/Daten_Raw_Clean\Präzision\Probant26_Gewicht69_Gewicht69.csv;405.199;436;0;0;7;2;7;237;0.9839449541284404;präzision
Exports/Daten_Raw_Clean\Präzision\Probant14_Präzision44_Präzision44.csv;445.139;390;0;0;7;6;7;251;0.982051282051282;präzision
Exports/Daten_Raw_Clean\Präzision\Probant32_Präzision01165_Präzision01165.csv;545.414;691;0;0;9;5;9;277;0.9869753979739508;präzision
Exports/Daten_Raw_Clean\Präzision\Probant14_Präzision43_Präzision43.csv;580.26;468;0;0;10;3;10;208;0.9786324786324786;präzision
Exports/Daten_Raw_Clean\Präzision\Probant15_Präzision55_Präzision55.csv;1000.23;462;0;0;16;12;16;232;0.9653679653679653;präzision
Exports/Daten_Raw_Clean\Präzision\Probant20_Präzision01154_Präzision01154.csv;1030.125;471;0;0;18;4;18;346;0.9617834394904459;präzision
Exports/Daten_Raw_Clean\Präzision\Probant30_Präzision01164_Präzision01164.csv;1045.176;544;0;0;17;11;17;368;0.96875;präzision
Exports/Daten_Raw_Clean\Präzision\Probant20_Präzision01153_Präzision01153.csv;1100.131;438;0;0;18;11;18;307;0.958904109589041;präzision
Exports/Daten_Raw_Clean\Präzision\Probant30_Präzision01160_Präzision01160.csv;1325.113;458;0;0;21;17;21;345;0.9541484716157205;präzision
Exports/Daten_Raw_Clean\Präzision\Probant15_Präzision56_Präzision56.csv;1375.229;435;0;0;23;11;23;206;0.9471264367816092;präzision
Exports/Daten_Raw_Clean\Präzision\Probant15_Präzision54_Präzision54.csv;2980.302;402;0;0;52;12;52;100;0.8706467661691543;präzision
Exports/Daten_Raw_Clean\Präzision\Probant8_Präzision25_Präzision25.csv;80400.08;463;0;80;0;0;80;383;0.8272138228941684;präzision
Exports/Daten_Raw_Clean\Präzision\Probant37_Präzision01164_Präzision01164.csv;106595.196;328;0;106;1;1;107;132;0.6737804878048781;präzision
Exports/Daten_Raw_Clean\Präzision\Probant8_Präzision20_Präzision20.csv;126325.395;685;0;125;12;4;137;290;0.8;präzision
Exports/Daten_Raw_Clean\Präzision\Probant22_Präzision01160_Präzision01160.csv;137685.137;399;0;137;0;0;137;262;0.656641604010025;präzision
Exports/Daten_Raw_Clean\Präzision\Probant12_Präzision20_Präzision20.csv;162875.238;572;0;162;1;1;163;334;0.715034965034965;präzision
Exports/Daten_Raw_Clean\Präzision\Probant27_Präzision01160_Präzision01160.csv;183915.183;368;0;183;0;0;183;185;0.5027173913043478;präzision
Exports/Daten_Raw_Clean\Präzision\Probant18_Präzision01136_Präzision01136.csv;184920.184;387;0;184;0;0;184;203;0.524547803617571;präzision
Exports/Daten_Raw_Clean\Präzision\Probant11_Präzision23_Präzision23.csv;197600.337;464;0;196;10;7;206;127;0.5560344827586207;präzision
Exports/Daten_Raw_Clean\Präzision\Probant28_Präzision01163_Präzision01163.csv;202005.201;527;0;201;0;0;201;326;0.618595825426945;präzision
Exports/Daten_Raw_Clean\Präzision\Probant11_Präzision27_Präzision27.csv;211050.21;422;0;210;0;0;210;212;0.5023696682464455;präzision
Exports/Daten_Raw_Clean\Präzision\Probant38_Präzision02_Präzision02.csv;211115.239;284;0;210;1;1;211;45;0.25704225352112675;präzision
Exports/Daten_Raw_Clean\Präzision\Probant19_Präzision01140_Präzision01140.csv;235170.234;518;0;234;0;0;234;284;0.5482625482625483;präzision
Exports/Daten_Raw_Clean\Präzision\Probant10_Präzision28_Präzision28.csv;236165.304;414;0;234;17;6;251;110;0.39371980676328505;präzision
Exports/Daten_Raw_Clean\Präzision\Probant22_Präzision01159_Präzision01159.csv;238250.259;391;0;237;1;1;238;132;0.391304347826087;präzision
Exports/Daten_Raw_Clean\Präzision\Probant14_Präzision47_Präzision47.csv;246225.245;363;0;245;0;0;245;118;0.325068870523416;präzision
Exports/Daten_Raw_Clean\Präzision\Probant18_Präzision01129_Präzision01129.csv;258535.335;467;0;257;4;3;261;132;0.4411134903640257;präzision
Exports/Daten_Raw_Clean\Präzision\Probant11_Präzision30_Präzision30.csv;260130.36;417;0;258;14;7;272;57;0.34772182254196643;präzision
Exports/Daten_Raw_Clean\Präzision\Probant27_Präzision01159_Präzision01159.csv;260360.289;321;0;259;1;1;260;32;0.19003115264797507;präzision
Exports/Daten_Raw_Clean\Präzision\Probant16_Präzision01114_Präzision01114.csv;263310.262;581;0;262;0;0;262;319;0.5490533562822719;präzision
Exports/Daten_Raw_Clean\Präzision\Probant20_Präzision01155_Präzision01155.csv;270845.38;626;0;269;8;6;277;246;0.5575079872204473;präzision
Exports/Daten_Raw_Clean\Präzision\Probant21_Präzision01162_Präzision01162.csv;276880.288;348;0;275;9;1;284;60;0.1839080459770115;präzision
Exports/Daten_Raw_Clean\Präzision\Probant38_Präzision05_Präzision05.csv;281860.331;376;0;279;25;9;304;45;0.19148936170212766;präzision
Exports/Daten_Raw_Clean\Präzision\Probant22_Präzision01158_Präzision01158.csv;302570.347;411;0;301;1;1;302;64;0.26520681265206814;präzision
Exports/Daten_Raw_Clean\Präzision\Probant21_Präzision01160_Präzision01160.csv;309540.308;378;0;308;0;0;308;70;0.18518518518518517;präzision
Exports/Daten_Raw_Clean\Präzision\Probant27_Präzision01163_Präzision01163.csv;325620.324;405;0;324;0;0;324;81;0.2;präzision
Exports/Daten_Raw_Clean\Präzision\Probant15_Präzision53_Präzision53.csv;326625.325;494;0;325;0;0;325;169;0.34210526315789475;präzision
Exports/Daten_Raw_Clean\Präzision\Probant21_Präzision01161_Präzision01161.csv;341700.34;364;0;340;0;0;340;24;0.06593406593406594;präzision
Exports/Daten_Raw_Clean\Präzision\Probant11_Präzision28_Präzision28.csv;351880.36;449;0;350;2;2;352;89;0.21603563474387527;präzision
Exports/Daten_Raw_Clean\Präzision\Probant25_Präzision01165_Präzision01165.csv;364945.376;403;0;363;2;2;365;27;0.09429280397022333;präzision
Exports/Daten_Raw_Clean\Präzision\Probant27_Präzision01166_Präzision01166.csv;375870.374;376;0;374;0;0;374;2;0.005319148936170213;präzision
Exports/Daten_Raw_Clean\Präzision\Probant19_Präzision01139_Präzision01139.csv;382905.381;714;0;381;0;0;381;333;0.46638655462184875;präzision
Exports/Daten_Raw_Clean\Präzision\Probant28_Präzision01162_Präzision01162.csv;452370.455;548;0;450;2;1;452;93;0.17518248175182483;präzision
Exports/Daten_Raw_Clean\Präzision\Probant8_Präzision26_Präzision26.csv;464375.52;600;0;462;1;1;463;80;0.22833333333333333;präzision
Exports/Daten_Raw_Clean\Präzision\Probant22_Präzision01161_Präzision01161.csv;511610.539;576;0;509;1;1;510;37;0.11458333333333333;präzision
Exports/Daten_Raw_Clean\Zikzak\Probant10_Zikzak11_Zikzak11.csv;0.0;615;0;0;0;0;0;615;1.0;zikzak
Exports/Daten_Raw_Clean\Zikzak\Probant10_Zikzak12_Zikzak12.csv;0.0;685;0;0;0;0;0;685;1.0;zikzak
Exports/Daten_Raw_Clean\Zikzak\Probant10_Zikzak13_Zikzak13.csv;0.0;646;0;0;0;0;0;646;1.0;zikzak
Exports/Daten_Raw_Clean\Zikzak\Probant10_Zikzak14_Zikzak14.csv;0.0;611;0;0;0;0;0;611;1.0;zikzak
Exports/Daten_Raw_Clean\Zikzak\Probant10_Zikzak15_Zikzak15.csv;0.0;591;0;0;0;0;0;591;1.0;zikzak
Exports/Daten_Raw_Clean\Zikzak\Probant11_Zikzak11_Zikzak11.csv;0.0;968;0;0;0;0;0;968;1.0;zikzak
Exports/Daten_Raw_Clean\Zikzak\Probant11_Zikzak12_Zikzak12.csv;0.0;858;0;0;0;0;0;858;1.0;zikzak
Exports/Daten_Raw_Clean\Zikzak\Probant11_Zikzak13_Zikzak13.csv;0.0;821;0;0;0;0;0;821;1.0;zikzak
Exports/Daten_Raw_Clean\Zikzak\Probant11_Zikzak14_Zikzak14.csv;0.0;779;0;0;0;0;0;779;1.0;zikzak
Exports/Daten_Raw_Clean\Zikzak\Probant11_Zikzak15_Zikzak15.csv;0.0;779;0;0;0;0;0;779;1.0;zikzak
Exports/Daten_Raw_Clean\Zikzak\Probant12_Zikzak11_Zikzak11.csv;0.0;957;0;0;0;0;0;957;1.0;zikzak
Exports/Daten_Raw_Clean\Zikzak\Probant12_Zikzak12_Zikzak12.csv;0.0;914;0;0;0;0;0;914;1.0;zikzak
Exports/Daten_Raw_Clean\Zikzak\Probant12_Zikzak13_Zikzak13.csv;0.0;879;0;0;0;0;0;879;1.0;zikzak
Exports/Daten_Raw_Clean\Zikzak\Probant12_Zikzak14_Zikzak14.csv;0.0;866;0;0;0;0;0;866;1.0;zikzak
Exports/Daten_Raw_Clean\Zikzak\Probant12_Zikzak15_Zikzak15.csv;0.0;824;0;0;0;0;0;824;1.0;zikzak
Exports/Daten_Raw_Clean\Zikzak\Probant13_Zikzak16_Zikzak16.csv;0.0;1192;0;0;0;0;0;1192;1.0;zikzak
Exports/Daten_Raw_Clean\Zikzak\Probant13_Zikzak17_Zikzak17.csv;0.0;1023;0;0;0;0;0;1023;1.0;zikzak
Exports/Daten_Raw_Clean\Zikzak\Probant13_Zikzak18_Zikzak18.csv;0.0;1005;0;0;0;0;0;1005;1.0;zikzak
Exports/Daten_Raw_Clean\Zikzak\Probant13_Zikzak19_Zikzak19.csv;0.0;959;0;0;0;0;0;959;1.0;zikzak
Exports/Daten_Raw_Clean\Zikzak\Probant13_Zikzak20_Zikzak20.csv;0.0;963;0;0;0;0;0;963;1.0;zikzak
Exports/Daten_Raw_Clean\Zikzak\Probant14_Zikzak21_Zikzak21.csv;0.0;942;0;0;0;0;0;942;1.0;zikzak
Exports/Daten_Raw_Clean\Zikzak\Probant14_Zikzak22_Zikzak22.csv;0.0;903;0;0;0;0;0;903;1.0;zikzak
Exports/Daten_Raw_Clean\Zikzak\Probant14_Zikzak23_Zikzak23.csv;0.0;910;0;0;0;0;0;910;1.0;zikzak
Exports/Daten_Raw_Clean\Zikzak\Probant14_Zikzak24_Zikzak24.csv;0.0;930;0;0;0;0;0;930;1.0;zikzak
Exports/Daten_Raw_Clean\Zikzak\Probant14_Zikzak25_Zikzak25.csv;0.0;960;0;0;0;0;0;960;1.0;zikzak
Exports/Daten_Raw_Clean\Zikzak\Probant15_Zikzak26_Zikzak26.csv;0.0;872;0;0;0;0;0;872;1.0;zikzak
Exports/Daten_Raw_Clean\Zikzak\Probant15_Zikzak27_Zikzak27.csv;0.0;712;0;0;0;0;0;712;1.0;zikzak
Exports/Daten_Raw_Clean\Zikzak\Probant15_Zikzak28_Zikzak28.csv;0.0;635;0;0;0;0;0;635;1.0;zikzak
Exports/Daten_Raw_Clean\Zikzak\Probant15_Zikzak29_Zikzak29.csv;0.0;596;0;0;0;0;0;596;1.0;zikzak
Exports/Daten_Raw_Clean\Zikzak\Probant15_Zikzak30_Zikzak30.csv;0.0;587;0;0;0;0;0;587;1.0;zikzak
Exports/Daten_Raw_Clean\Zikzak\Probant16_Zikzak31_Zikzak31.csv;0.0;1646;0;0;0;0;0;1646;1.0;zikzak
Exports/Daten_Raw_Clean\Zikzak\Probant16_Zikzak32_Zikzak32.csv;0.0;1399;0;0;0;0;0;1399;1.0;zikzak
Exports/Daten_Raw_Clean\Zikzak\Probant16_Zikzak33_Zikzak33.csv;0.0;1364;0;0;0;0;0;1364;1.0;zikzak
Exports/Daten_Raw_Clean\Zikzak\Probant16_Zikzak34_Zikzak34.csv;0.0;1554;0;0;0;0;0;1554;1.0;zikzak
Exports/Daten_Raw_Clean\Zikzak\Probant16_Zikzak35_Zikzak35.csv;0.0;1668;0;0;0;0;0;1668;1.0;zikzak
Exports/Daten_Raw_Clean\Zikzak\Probant17_Zikzak37_Zikzak37.csv;0.0;582;0;0;0;0;0;582;1.0;zikzak
Exports/Daten_Raw_Clean\Zikzak\Probant17_Zikzak38_Zikzak38.csv;0.0;696;0;0;0;0;0;696;1.0;zikzak
Exports/Daten_Raw_Clean\Zikzak\Probant17_Zikzak39_Zikzak39.csv;0.0;597;0;0;0;0;0;597;1.0;zikzak
Exports/Daten_Raw_Clean\Zikzak\Probant17_Zikzak40_Zikzak40.csv;0.0;552;0;0;0;0;0;552;1.0;zikzak
Exports/Daten_Raw_Clean\Zikzak\Probant18_Zikzak41_Zikzak41.csv;0.0;1184;0;0;0;0;0;1184;1.0;zikzak
Exports/Daten_Raw_Clean\Zikzak\Probant18_Zikzak42_Zikzak42.csv;0.0;947;0;0;0;0;0;947;1.0;zikzak
Exports/Daten_Raw_Clean\Zikzak\Probant18_Zikzak43_Zikzak43.csv;0.0;982;0;0;0;0;0;982;1.0;zikzak
Exports/Daten_Raw_Clean\Zikzak\Probant18_Zikzak44_Zikzak44.csv;0.0;912;0;0;0;0;0;912;1.0;zikzak
Exports/Daten_Raw_Clean\Zikzak\Probant18_Zikzak45_Zikzak45.csv;0.0;904;0;0;0;0;0;904;1.0;zikzak
Exports/Daten_Raw_Clean\Zikzak\Probant18_Zikzak46_Zikzak46.csv;0.0;999;0;0;0;0;0;999;1.0;zikzak
Exports/Daten_Raw_Clean\Zikzak\Probant19_Zikzak48_Zikzak48.csv;0.0;786;0;0;0;0;0;786;1.0;zikzak
Exports/Daten_Raw_Clean\Zikzak\Probant19_Zikzak49_Zikzak49.csv;0.0;785;0;0;0;0;0;785;1.0;zikzak
Exports/Daten_Raw_Clean\Zikzak\Probant19_Zikzak50_Zikzak50.csv;0.0;702;0;0;0;0;0;702;1.0;zikzak
Exports/Daten_Raw_Clean\Zikzak\Probant19_Zikzak51_Zikzak51.csv;0.0;829;0;0;0;0;0;829;1.0;zikzak
Exports/Daten_Raw_Clean\Zikzak\Probant1_Trial02_Trial02.csv;0.0;524;0;0;0;0;0;524;1.0;zikzak
Exports/Daten_Raw_Clean\Zikzak\Probant1_Trial03_Trial03.csv;0.0;411;0;0;0;0;0;411;1.0;zikzak
Exports/Daten_Raw_Clean\Zikzak\Probant1_Trial04_Trial04.csv;0.0;450;0;0;0;0;0;450;1.0;zikzak
Exports/Daten_Raw_Clean\Zikzak\Probant1_Trial05_Trial05.csv;0.0;431;0;0;0;0;0;431;1.0;zikzak
Exports/Daten_Raw_Clean\Zikzak\Probant1_Trial06_Trial06.csv;0.0;388;0;0;0;0;0;388;1.0;zikzak
Exports/Daten_Raw_Clean\Zikzak\Probant20_Zikzak52_Zikzak52.csv;0.0;609;0;0;0;0;0;609;1.0;zikzak
Exports/Daten_Raw_Clean\Zikzak\Probant20_Zikzak53_Zikzak53.csv;0.0;470;0;0;0;0;0;470;1.0;zikzak
Exports/Daten_Raw_Clean\Zikzak\Probant20_Zikzak54_Zikzak54.csv;0.0;451;0;0;0;0;0;451;1.0;zikzak
Exports/Daten_Raw_Clean\Zikzak\Probant20_Zikzak55_Zikzak55.csv;0.0;468;0;0;0;0;0;468;1.0;zikzak
Exports/Daten_Raw_Clean\Zikzak\Probant20_Zikzak56_Zikzak56.csv;0.0;454;0;0;0;0;0;454;1.0;zikzak
Exports/Daten_Raw_Clean\Zikzak\Probant21_Zikzak57_Zikzak57.csv;0.0;985;0;0;0;0;0;985;1.0;zikzak
Exports/Daten_Raw_Clean\Zikzak\Probant21_Zikzak58_Zikzak58.csv;0.0;884;0;0;0;0;0;884;1.0;zikzak
Exports/Daten_Raw_Clean\Zikzak\Probant21_Zikzak59_Zikzak59.csv;0.0;810;0;0;0;0;0;810;1.0;zikzak
Exports/Daten_Raw_Clean\Zikzak\Probant21_Zikzak60_Zikzak60.csv;0.0;840;0;0;0;0;0;840;1.0;zikzak
Exports/Daten_Raw_Clean\Zikzak\Probant21_Zikzak61_Zikzak61.csv;0.0;889;0;0;0;0;0;889;1.0;zikzak
Exports/Daten_Raw_Clean\Zikzak\Probant22_Zikzak57_Zikzak57.csv;0.0;757;0;0;0;0;0;757;1.0;zikzak
Exports/Daten_Raw_Clean\Zikzak\Probant22_Zikzak58_Zikzak58.csv;0.0;703;0;0;0;0;0;703;1.0;zikzak
Exports/Daten_Raw_Clean\Zikzak\Probant22_Zikzak59_Zikzak59.csv;0.0;742;0;0;0;0;0;742;1.0;zikzak
Exports/Daten_Raw_Clean\Zikzak\Probant22_Zikzak60_Zikzak60.csv;0.0;793;0;0;0;0;0;793;1.0;zikzak
Exports/Daten_Raw_Clean\Zikzak\Probant23_Zikzak57_Zikzak57.csv;0.0;799;0;0;0;0;0;799;1.0;zikzak
Exports/Daten_Raw_Clean\Zikzak\Probant23_Zikzak58_Zikzak58.csv;0.0;656;0;0;0;0;0;656;1.0;zikzak
Exports/Daten_Raw_Clean\Zikzak\Probant23_Zikzak59_Zikzak59.csv;0.0;707;0;0;0;0;0;707;1.0;zikzak
Exports/Daten_Raw_Clean\Zikzak\Probant23_Zikzak60_Zikzak60.csv;0.0;664;0;0;0;0;0;664;1.0;zikzak
Exports/Daten_Raw_Clean\Zikzak\Probant23_Zikzak61_Zikzak61.csv;0.0;700;0;0;0;0;0;700;1.0;zikzak
Exports/Daten_Raw_Clean\Zikzak\Probant24_Zikzak57_Zikzak57.csv;0.0;685;0;0;0;0;0;685;1.0;zikzak
Exports/Daten_Raw_Clean\Zikzak\Probant24_Zikzak58_Zikzak58.csv;0.0;511;0;0;0;0;0;511;1.0;zikzak
Exports/Daten_Raw_Clean\Zikzak\Probant24_Zikzak59_Zikzak59.csv;0.0;483;0;0;0;0;0;483;1.0;zikzak
Exports/Daten_Raw_Clean\Zikzak\Probant24_Zikzak60_Zikzak60.csv;0.0;351;0;0;0;0;0;351;1.0;zikzak
Exports/Daten_Raw_Clean\Zikzak\Probant24_Zikzak61_Zikzak61.csv;0.0;352;0;0;0;0;0;352;1.0;zikzak
Exports/Daten_Raw_Clean\Zikzak\Probant25_Zikzak57_Zikzak57.csv;0.0;890;0;0;0;0;0;890;1.0;zikzak
Exports/Daten_Raw_Clean\Zikzak\Probant25_Zikzak58_Zikzak58.csv;0.0;835;0;0;0;0;0;835;1.0;zikzak
Exports/Daten_Raw_Clean\Zikzak\Probant25_Zikzak59_Zikzak59.csv;0.0;709;0;0;0;0;0;709;1.0;zikzak
Exports/Daten_Raw_Clean\Zikzak\Probant25_Zikzak60_Zikzak60.csv;0.0;701;0;0;0;0;0;701;1.0;zikzak
Exports/Daten_Raw_Clean\Zikzak\Probant25_Zikzak61_Zikzak61.csv;0.0;610;0;0;0;0;0;610;1.0;zikzak
Exports/Daten_Raw_Clean\Zikzak\Probant26_Zikzak57_Zikzak57.csv;0.0;870;0;0;0;0;0;870;1.0;zikzak
Exports/Daten_Raw_Clean\Zikzak\Probant26_Zikzak58_Zikzak58.csv;0.0;769;0;0;0;0;0;769;1.0;zikzak
Exports/Daten_Raw_Clean\Zikzak\Probant26_Zikzak59_Zikzak59.csv;0.0;863;0;0;0;0;0;863;1.0;zikzak
Exports/Daten_Raw_Clean\Zikzak\Probant26_Zikzak60_Zikzak60.csv;0.0;786;0;0;0;0;0;786;1.0;zikzak
Exports/Daten_Raw_Clean\Zikzak\Probant26_Zikzak61_Zikzak61.csv;0.0;889;0;0;0;0;0;889;1.0;zikzak
Exports/Daten_Raw_Clean\Zikzak\Probant27_Zikzak57_Zikzak57.csv;0.0;631;0;0;0;0;0;631;1.0;zikzak
Exports/Daten_Raw_Clean\Zikzak\Probant27_Zikzak58_Zikzak58.csv;0.0;613;0;0;0;0;0;613;1.0;zikzak
Exports/Daten_Raw_Clean\Zikzak\Probant27_Zikzak59_Zikzak59.csv;0.0;548;0;0;0;0;0;548;1.0;zikzak
Exports/Daten_Raw_Clean\Zikzak\Probant27_Zikzak60_Zikzak60.csv;0.0;567;0;0;0;0;0;567;1.0;zikzak
Exports/Daten_Raw_Clean\Zikzak\Probant27_Zikzak61_Zikzak61.csv;0.0;585;0;0;0;0;0;585;1.0;zikzak
Exports/Daten_Raw_Clean\Zikzak\Probant28_Zikzak57_Zikzak57.csv;0.0;894;0;0;0;0;0;894;1.0;zikzak
Exports/Daten_Raw_Clean\Zikzak\Probant28_Zikzak58_Zikzak58.csv;0.0;811;0;0;0;0;0;811;1.0;zikzak
Exports/Daten_Raw_Clean\Zikzak\Probant28_Zikzak59_Zikzak59.csv;0.0;804;0;0;0;0;0;804;1.0;zikzak
Exports/Daten_Raw_Clean\Zikzak\Probant28_Zikzak60_Zikzak60.csv;0.0;764;0;0;0;0;0;764;1.0;zikzak
Exports/Daten_Raw_Clean\Zikzak\Probant28_Zikzak61_Zikzak61.csv;0.0;759;0;0;0;0;0;759;1.0;zikzak
Exports/Daten_Raw_Clean\Zikzak\Probant29_Zikzak57_Zikzak57.csv;0.0;741;0;0;0;0;0;741;1.0;zikzak
Exports/Daten_Raw_Clean\Zikzak\Probant29_Zikzak58_Zikzak58.csv;0.0;695;0;0;0;0;0;695;1.0;zikzak
Exports/Daten_Raw_Clean\Zikzak\Probant29_Zikzak59_Zikzak59.csv;0.0;778;0;0;0;0;0;778;1.0;zikzak
Exports/Daten_Raw_Clean\Zikzak\Probant29_Zikzak60_Zikzak60.csv;0.0;745;0;0;0;0;0;745;1.0;zikzak
Exports/Daten_Raw_Clean\Zikzak\Probant29_Zikzak61_Zikzak61.csv;0.0;695;0;0;0;0;0;695;1.0;zikzak
Exports/Daten_Raw_Clean\Zikzak\Probant2_Zikzak01_Zikzak01.csv;0.0;973;0;0;0;0;0;973;1.0;zikzak
Exports/Daten_Raw_Clean\Zikzak\Probant2_Zikzak02_Zikzak02.csv;0.0;698;0;0;0;0;0;698;1.0;zikzak
Exports/Daten_Raw_Clean\Zikzak\Probant2_Zikzak03_Zikzak03.csv;0.0;677;0;0;0;0;0;677;1.0;zikzak
Exports/Daten_Raw_Clean\Zikzak\Probant2_Zikzak04_Zikzak04.csv;0.0;635;0;0;0;0;0;635;1.0;zikzak
Exports/Daten_Raw_Clean\Zikzak\Probant2_Zikzak05_Zikzak05.csv;0.0;585;0;0;0;0;0;585;1.0;zikzak
Exports/Daten_Raw_Clean\Zikzak\Probant30_Zikzak57_Zikzak57.csv;0.0;966;0;0;0;0;0;966;1.0;zikzak
Exports/Daten_Raw_Clean\Zikzak\Probant30_Zikzak58_Zikzak58.csv;0.0;1041;0;0;0;0;0;1041;1.0;zikzak
Exports/Daten_Raw_Clean\Zikzak\Probant30_Zikzak59_Zikzak59.csv;0.0;1040;0;0;0;0;0;1040;1.0;zikzak
Exports/Daten_Raw_Clean\Zikzak\Probant30_Zikzak60_Zikzak60.csv;0.0;1009;0;0;0;0;0;1009;1.0;zikzak
Exports/Daten_Raw_Clean\Zikzak\Probant30_Zikzak61_Zikzak61.csv;0.0;1074;0;0;0;0;0;1074;1.0;zikzak
Exports/Daten_Raw_Clean\Zikzak\Probant31_Zikzak57_Zikzak57.csv;0.0;779;0;0;0;0;0;779;1.0;zikzak
Exports/Daten_Raw_Clean\Zikzak\Probant31_Zikzak58_Zikzak58.csv;0.0;762;0;0;0;0;0;762;1.0;zikzak
Exports/Daten_Raw_Clean\Zikzak\Probant31_Zikzak59_Zikzak59.csv;0.0;663;0;0;0;0;0;663;1.0;zikzak
Exports/Daten_Raw_Clean\Zikzak\Probant31_Zikzak60_Zikzak60.csv;0.0;659;0;0;0;0;0;659;1.0;zikzak
Exports/Daten_Raw_Clean\Zikzak\Probant31_Zikzak61_Zikzak61.csv;0.0;664;0;0;0;0;0;664;1.0;zikzak
Exports/Daten_Raw_Clean\Zikzak\Probant32_Zikzak57_Zikzak57.csv;0.0;741;0;0;0;0;0;741;1.0;zikzak
Exports/Daten_Raw_Clean\Zikzak\Probant32_Zikzak58_Zikzak58.csv;0.0;749;0;0;0;0;0;749;1.0;zikzak
Exports/Daten_Raw_Clean\Zikzak\Probant32_Zikzak59_Zikzak59.csv;0.0;742;0;0;0;0;0;742;1.0;zikzak
Exports/Daten_Raw_Clean\Zikzak\Probant32_Zikzak60_Zikzak60.csv;0.0;666;0;0;0;0;0;666;1.0;zikzak
Exports/Daten_Raw_Clean\Zikzak\Probant32_Zikzak61_Zikzak61.csv;0.0;676;0;0;0;0;0;676;1.0;zikzak
Exports/Daten_Raw_Clean\Zikzak\Probant33_Zikzak57_Zikzak57.csv;0.0;746;0;0;0;0;0;746;1.0;zikzak
Exports/Daten_Raw_Clean\Zikzak\Probant33_Zikzak58_Zikzak58.csv;0.0;741;0;0;0;0;0;741;1.0;zikzak
Exports/Daten_Raw_Clean\Zikzak\Probant33_Zikzak59_Zikzak59.csv;0.0;702;0;0;0;0;0;702;1.0;zikzak
Exports/Daten_Raw_Clean\Zikzak\Probant33_Zikzak60_Zikzak60.csv;0.0;688;0;0;0;0;0;688;1.0;zikzak
Exports/Daten_Raw_Clean\Zikzak\Probant33_Zikzak61_Zikzak61.csv;0.0;686;0;0;0;0;0;686;1.0;zikzak
Exports/Daten_Raw_Clean\Zikzak\Probant34_Zikzak57_Zikzak57.csv;0.0;879;0;0;0;0;0;879;1.0;zikzak
Exports/Daten_Raw_Clean\Zikzak\Probant34_Zikzak58_Zikzak58.csv;0.0;824;0;0;0;0;0;824;1.0;zikzak
Exports/Daten_Raw_Clean\Zikzak\Probant34_Zikzak59_Zikzak59.csv;0.0;672;0;0;0;0;0;672;1.0;zikzak
Exports/Daten_Raw_Clean\Zikzak\Probant34_Zikzak60_Zikzak60.csv;0.0;578;0;0;0;0;0;578;1.0;zikzak
Exports/Daten_Raw_Clean\Zikzak\Probant34_Zikzak61_Zikzak61.csv;0.0;612;0;0;0;0;0;612;1.0;zikzak
Exports/Daten_Raw_Clean\Zikzak\Probant36_Zikzak57_Zikzak57.csv;0.0;834;0;0;0;0;0;834;1.0;zikzak
Exports/Daten_Raw_Clean\Zikzak\Probant36_Zikzak58_Zikzak58.csv;0.0;810;0;0;0;0;0;810;1.0;zikzak
Exports/Daten_Raw_Clean\Zikzak\Probant36_Zikzak59_Zikzak59.csv;0.0;762;0;0;0;0;0;762;1.0;zikzak
Exports/Daten_Raw_Clean\Zikzak\Probant36_Zikzak60_Zikzak60.csv;0.0;689;0;0;0;0;0;689;1.0;zikzak
Exports/Daten_Raw_Clean\Zikzak\Probant36_Zikzak61_Zikzak61.csv;0.0;697;0;0;0;0;0;697;1.0;zikzak
Exports/Daten_Raw_Clean\Zikzak\Probant37_Zikzak57_Zikzak57.csv;0.0;822;0;0;0;0;0;822;1.0;zikzak
Exports/Daten_Raw_Clean\Zikzak\Probant37_Zikzak58_Zikzak58.csv;0.0;773;0;0;0;0;0;773;1.0;zikzak
Exports/Daten_Raw_Clean\Zikzak\Probant37_Zikzak59_Zikzak59.csv;0.0;765;0;0;0;0;0;765;1.0;zikzak
Exports/Daten_Raw_Clean\Zikzak\Probant37_Zikzak60_Zikzak60.csv;0.0;769;0;0;0;0;0;769;1.0;zikzak
Exports/Daten_Raw_Clean\Zikzak\Probant37_Zikzak61_Zikzak61.csv;0.0;643;0;0;0;0;0;643;1.0;zikzak
Exports/Daten_Raw_Clean\Zikzak\Probant38_Zikzak57_Zikzak57.csv;0.0;439;0;0;0;0;0;439;1.0;zikzak
Exports/Daten_Raw_Clean\Zikzak\Probant38_Zikzak58_Zikzak58.csv;0.0;449;0;0;0;0;0;449;1.0;zikzak
Exports/Daten_Raw_Clean\Zikzak\Probant38_Zikzak59_Zikzak59.csv;0.0;521;0;0;0;0;0;521;1.0;zikzak
Exports/Daten_Raw_Clean\Zikzak\Probant38_Zikzak60_Zikzak60.csv;0.0;500;0;0;0;0;0;500;1.0;zikzak
Exports/Daten_Raw_Clean\Zikzak\Probant38_Zikzak61_Zikzak61.csv;0.0;489;0;0;0;0;0;489;1.0;zikzak
Exports/Daten_Raw_Clean\Zikzak\Probant39_Zikzak58_Zikzak58.csv;0.0;333;0;0;0;0;0;333;1.0;zikzak
Exports/Daten_Raw_Clean\Zikzak\Probant39_Zikzak59_Zikzak59.csv;0.0;325;0;0;0;0;0;325;1.0;zikzak
Exports/Daten_Raw_Clean\Zikzak\Probant39_Zikzak60_Zikzak60.csv;0.0;343;0;0;0;0;0;343;1.0;zikzak
Exports/Daten_Raw_Clean\Zikzak\Probant39_Zikzak61_Zikzak61.csv;0.0;325;0;0;0;0;0;325;1.0;zikzak
Exports/Daten_Raw_Clean\Zikzak\Probant39_Zikzak62_Zikzak62.csv;0.0;302;0;0;0;0;0;302;1.0;zikzak
Exports/Daten_Raw_Clean\Zikzak\Probant3_Zikzak06_Zikzak06.csv;0.0;1191;0;0;0;0;0;1191;1.0;zikzak
Exports/Daten_Raw_Clean\Zikzak\Probant3_Zikzak07_Zikzak07.csv;0.0;808;0;0;0;0;0;808;1.0;zikzak
Exports/Daten_Raw_Clean\Zikzak\Probant3_Zikzak08_Zikzak08.csv;0.0;850;0;0;0;0;0;850;1.0;zikzak
Exports/Daten_Raw_Clean\Zikzak\Probant3_Zikzak09_Zikzak09.csv;0.0;833;0;0;0;0;0;833;1.0;zikzak
Exports/Daten_Raw_Clean\Zikzak\Probant3_Zikzak10_Zikzak10.csv;0.0;879;0;0;0;0;0;879;1.0;zikzak
Exports/Daten_Raw_Clean\Zikzak\Probant4_Zikzak07_Zikzak07.csv;0.0;1019;0;0;0;0;0;1019;1.0;zikzak
Exports/Daten_Raw_Clean\Zikzak\Probant4_Zikzak08_Zikzak08.csv;0.0;1023;0;0;0;0;0;1023;1.0;zikzak
Exports/Daten_Raw_Clean\Zikzak\Probant4_Zikzak09_Zikzak09.csv;0.0;931;0;0;0;0;0;931;1.0;zikzak
Exports/Daten_Raw_Clean\Zikzak\Probant4_Zikzak10_Zikzak10.csv;0.0;989;0;0;0;0;0;989;1.0;zikzak
Exports/Daten_Raw_Clean\Zikzak\Probant5_Zikzak06_Zikzak06.csv;0.0;1009;0;0;0;0;0;1009;1.0;zikzak
Exports/Daten_Raw_Clean\Zikzak\Probant5_Zikzak07_Zikzak07.csv;0.0;866;0;0;0;0;0;866;1.0;zikzak
Exports/Daten_Raw_Clean\Zikzak\Probant5_Zikzak08_Zikzak08.csv;0.0;815;0;0;0;0;0;815;1.0;zikzak
Exports/Daten_Raw_Clean\Zikzak\Probant5_Zikzak09_Zikzak09.csv;0.0;701;0;0;0;0;0;701;1.0;zikzak
Exports/Daten_Raw_Clean\Zikzak\Probant5_Zikzak10_Zikzak10.csv;0.0;670;0;0;0;0;0;670;1.0;zikzak
Exports/Daten_Raw_Clean\Zikzak\Probant6_Zikzak07_Zikzak07.csv;0.0;1152;0;0;0;0;0;1152;1.0;zikzak
Exports/Daten_Raw_Clean\Zikzak\Probant6_Zikzak08_Zikzak08.csv;0.0;1189;0;0;0;0;0;1189;1.0;zikzak
Exports/Daten_Raw_Clean\Zikzak\Probant6_Zikzak09_Zikzak09.csv;0.0;1158;0;0;0;0;0;1158;1.0;zikzak
Exports/Daten_Raw_Clean\Zikzak\Probant6_Zikzak10_Zikzak10.csv;0.0;1106;0;0;0;0;0;1106;1.0;zikzak
Exports/Daten_Raw_Clean\Zikzak\Probant7_Zikzak06_Zikzak06.csv;0.0;1071;0;0;0;0;0;1071;1.0;zikzak
Exports/Daten_Raw_Clean\Zikzak\Probant7_Zikzak07_Zikzak07.csv;0.0;1316;0;0;0;0;0;1316;1.0;zikzak
Exports/Daten_Raw_Clean\Zikzak\Probant7_Zikzak08_Zikzak08.csv;0.0;1634;0;0;0;0;0;1634;1.0;zikzak
Exports/Daten_Raw_Clean\Zikzak\Probant7_Zikzak09_Zikzak09.csv;0.0;1456;0;0;0;0;0;1456;1.0;zikzak
Exports/Daten_Raw_Clean\Zikzak\Probant7_Zikzak10_Zikzak10.csv;0.0;1592;0;0;0;0;0;1592;1.0;zikzak
Exports/Daten_Raw_Clean\Zikzak\Probant8_Zikzak11_Zikzak11.csv;0.0;778;0;0;0;0;0;778;1.0;zikzak
Exports/Daten_Raw_Clean\Zikzak\Probant8_Zikzak12_Zikzak12.csv;0.0;683;0;0;0;0;0;683;1.0;zikzak
Exports/Daten_Raw_Clean\Zikzak\Probant8_Zikzak13_Zikzak13.csv;0.0;563;0;0;0;0;0;563;1.0;zikzak
Exports/Daten_Raw_Clean\Zikzak\Probant8_Zikzak14_Zikzak14.csv;0.0;715;0;0;0;0;0;715;1.0;zikzak
Exports/Daten_Raw_Clean\Zikzak\Probant8_Zikzak15_Zikzak15.csv;0.0;705;0;0;0;0;0;705;1.0;zikzak
Exports/Daten_Raw_Clean\Zikzak\Probant9_Zikzak11_Zikzak11.csv;0.0;831;0;0;0;0;0;831;1.0;zikzak
Exports/Daten_Raw_Clean\Zikzak\Probant9_Zikzak12_Zikzak12.csv;0.0;822;0;0;0;0;0;822;1.0;zikzak
Exports/Daten_Raw_Clean\Zikzak\Probant9_Zikzak13_Zikzak13.csv;0.0;657;0;0;0;0;0;657;1.0;zikzak
Exports/Daten_Raw_Clean\Zikzak\Probant9_Zikzak14_Zikzak14.csv;0.0;638;0;0;0;0;0;638;1.0;zikzak
Exports/Daten_Raw_Clean\Zikzak\Probant9_Zikzak15_Zikzak15.csv;0.0;649;0;0;0;0;0;649;1.0;zikzak
Exports/Daten_Raw_Clean\Zikzak\Probant6_Zikzak06_Zikzak06.csv;65.572;1606;0;0;1;1;1;1034;0.9993773349937733;zikzak
Exports/Daten_Raw_Clean\Zikzak\Probant17_Zikzak36_Zikzak36.csv;130.388;736;0;0;2;2;2;348;0.9972826086956522;zikzak
Exports/Daten_Raw_Clean\Zikzak\Probant19_Zikzak47_Zikzak47.csv;370.201;737;0;0;6;4;6;536;0.9918588873812755;zikzak
Exports/Daten_Raw_Clean\Zikzak\Probant35_Zikzak61_Zikzak61.csv;8830.661;763;0;0;148;69;148;102;0.8060288335517694;zikzak
Exports/Daten_Raw_Clean\Zikzak\Probant35_Zikzak57_Zikzak57.csv;9340.714;794;0;0;158;65;158;80;0.801007556675063;zikzak
Exports/Daten_Raw_Clean\Zikzak\Probant35_Zikzak58_Zikzak58.csv;11255.673;707;0;0;193;64;193;34;0.727015558698727;zikzak
Exports/Daten_Raw_Clean\Zikzak\Probant35_Zikzak60_Zikzak60.csv;14350.741;838;0;0;246;82;246;97;0.7064439140811456;zikzak
Exports/Daten_Raw_Clean\Zikzak\Probant35_Zikzak59_Zikzak59.csv;14670.732;800;0;0;254;70;254;68;0.6825;zikzak
Exports/Daten_Raw_Clean\Gewicht\Probant10_Gewicht13_Gewicht13.csv;0.0;308;0;0;0;0;0;308;1.0;gewicht
Exports/Daten_Raw_Clean\Gewicht\Probant10_Gewicht14_Gewicht14.csv;0.0;325;0;0;0;0;0;325;1.0;gewicht
Exports/Daten_Raw_Clean\Gewicht\Probant10_Gewicht15_Gewicht15.csv;0.0;337;0;0;0;0;0;337;1.0;gewicht
Exports/Daten_Raw_Clean\Gewicht\Probant11_Gewicht12_Gewicht12.csv;0.0;388;0;0;0;0;0;388;1.0;gewicht
Exports/Daten_Raw_Clean\Gewicht\Probant11_Gewicht13_Gewicht13.csv;0.0;376;0;0;0;0;0;376;1.0;gewicht
Exports/Daten_Raw_Clean\Gewicht\Probant11_Gewicht14_Gewicht14.csv;0.0;302;0;0;0;0;0;302;1.0;gewicht
Exports/Daten_Raw_Clean\Gewicht\Probant11_Gewicht15_Gewicht15.csv;0.0;319;0;0;0;0;0;319;1.0;gewicht
Exports/Daten_Raw_Clean\Gewicht\Probant12_Gewicht11_Gewicht11.csv;0.0;322;0;0;0;0;0;322;1.0;gewicht
Exports/Daten_Raw_Clean\Gewicht\Probant12_Gewicht12_Gewicht12.csv;0.0;390;0;0;0;0;0;390;1.0;gewicht
Exports/Daten_Raw_Clean\Gewicht\Probant12_Gewicht14_Gewicht14.csv;0.0;344;0;0;0;0;0;344;1.0;gewicht
Exports/Daten_Raw_Clean\Gewicht\Probant12_Gewicht15_Gewicht15.csv;0.0;422;0;0;0;0;0;422;1.0;gewicht
Exports/Daten_Raw_Clean\Gewicht\Probant13_Gewicht17_Gewicht17.csv;0.0;369;0;0;0;0;0;369;1.0;gewicht
Exports/Daten_Raw_Clean\Gewicht\Probant13_Gewicht18_Gewicht18.csv;0.0;316;0;0;0;0;0;316;1.0;gewicht
Exports/Daten_Raw_Clean\Gewicht\Probant13_Gewicht19_Gewicht19.csv;0.0;388;0;0;0;0;0;388;1.0;gewicht
Exports/Daten_Raw_Clean\Gewicht\Probant13_Gewicht20_Gewicht20.csv;0.0;349;0;0;0;0;0;349;1.0;gewicht
Exports/Daten_Raw_Clean\Gewicht\Probant14_Gewicht21_Gewicht21.csv;0.0;331;0;0;0;0;0;331;1.0;gewicht
Exports/Daten_Raw_Clean\Gewicht\Probant14_Gewicht22_Gewicht22.csv;0.0;325;0;0;0;0;0;325;1.0;gewicht
Exports/Daten_Raw_Clean\Gewicht\Probant14_Gewicht23_Gewicht23.csv;0.0;326;0;0;0;0;0;326;1.0;gewicht
Exports/Daten_Raw_Clean\Gewicht\Probant14_Gewicht24_Gewicht24.csv;0.0;300;0;0;0;0;0;300;1.0;gewicht
Exports/Daten_Raw_Clean\Gewicht\Probant14_Gewicht25_Gewicht25.csv;0.0;310;0;0;0;0;0;310;1.0;gewicht
Exports/Daten_Raw_Clean\Gewicht\Probant15_Gewicht27_Gewicht27.csv;0.0;278;0;0;0;0;0;278;1.0;gewicht
Exports/Daten_Raw_Clean\Gewicht\Probant15_Gewicht28_Gewicht28.csv;0.0;356;0;0;0;0;0;356;1.0;gewicht
Exports/Daten_Raw_Clean\Gewicht\Probant15_Gewicht29_Gewicht29.csv;0.0;291;0;0;0;0;0;291;1.0;gewicht
Exports/Daten_Raw_Clean\Gewicht\Probant15_Gewicht31_Gewicht31.csv;0.0;279;0;0;0;0;0;279;1.0;gewicht
Exports/Daten_Raw_Clean\Gewicht\Probant16_Gewicht33_Gewicht33.csv;0.0;536;0;0;0;0;0;536;1.0;gewicht
Exports/Daten_Raw_Clean\Gewicht\Probant16_Gewicht36_Gewicht36.csv;0.0;491;0;0;0;0;0;491;1.0;gewicht
Exports/Daten_Raw_Clean\Gewicht\Probant17_Gewicht37_Gewicht37.csv;0.0;358;0;0;0;0;0;358;1.0;gewicht
Exports/Daten_Raw_Clean\Gewicht\Probant17_Gewicht38_Gewicht38.csv;0.0;301;0;0;0;0;0;301;1.0;gewicht
Exports/Daten_Raw_Clean\Gewicht\Probant17_Gewicht39_Gewicht39.csv;0.0;285;0;0;0;0;0;285;1.0;gewicht
Exports/Daten_Raw_Clean\Gewicht\Probant17_Gewicht40_Gewicht40.csv;0.0;317;0;0;0;0;0;317;1.0;gewicht
Exports/Daten_Raw_Clean\Gewicht\Probant19_Gewicht47_Gewicht47.csv;0.0;583;0;0;0;0;0;583;1.0;gewicht
Exports/Daten_Raw_Clean\Gewicht\Probant19_Gewicht48_Gewicht48.csv;0.0;378;0;0;0;0;0;378;1.0;gewicht
Exports/Daten_Raw_Clean\Gewicht\Probant19_Gewicht49_Gewicht49.csv;0.0;562;0;0;0;0;0;562;1.0;gewicht
Exports/Daten_Raw_Clean\Gewicht\Probant19_Gewicht51_Gewicht51.csv;0.0;400;0;0;0;0;0;400;1.0;gewicht
Exports/Daten_Raw_Clean\Gewicht\Probant19_Gewicht52_Gewicht52.csv;0.0;429;0;0;0;0;0;429;1.0;gewicht
Exports/Daten_Raw_Clean\Gewicht\Probant1_Gewicht18_Gewicht18.csv;0.0;485;0;0;0;0;0;485;1.0;gewicht
Exports/Daten_Raw_Clean\Gewicht\Probant1_Gewicht21_Gewicht21.csv;0.0;534;0;0;0;0;0;534;1.0;gewicht
Exports/Daten_Raw_Clean\Gewicht\Probant20_Gewicht54_Gewicht54.csv;0.0;355;0;0;0;0;0;355;1.0;gewicht
Exports/Daten_Raw_Clean\Gewicht\Probant20_Gewicht56_Gewicht56.csv;0.0;319;0;0;0;0;0;319;1.0;gewicht
Exports/Daten_Raw_Clean\Gewicht\Probant20_Gewicht57_Gewicht57.csv;0.0;277;0;0;0;0;0;277;1.0;gewicht
Exports/Daten_Raw_Clean\Gewicht\Probant21_Gewicht62_Gewicht62.csv;0.0;314;0;0;0;0;0;314;1.0;gewicht
Exports/Daten_Raw_Clean\Gewicht\Probant21_Gewicht63_Gewicht63.csv;0.0;357;0;0;0;0;0;357;1.0;gewicht
Exports/Daten_Raw_Clean\Gewicht\Probant21_Gewicht66_Gewicht66.csv;0.0;238;0;0;0;0;0;238;1.0;gewicht
Exports/Daten_Raw_Clean\Gewicht\Probant22_Gewicht62_Gewicht62.csv;0.0;354;0;0;0;0;0;354;1.0;gewicht
Exports/Daten_Raw_Clean\Gewicht\Probant22_Gewicht63_Gewicht63.csv;0.0;373;0;0;0;0;0;373;1.0;gewicht
Exports/Daten_Raw_Clean\Gewicht\Probant23_Gewicht59_Gewicht59.csv;0.0;379;0;0;0;0;0;379;1.0;gewicht
Exports/Daten_Raw_Clean\Gewicht\Probant23_Gewicht60_Gewicht60.csv;0.0;288;0;0;0;0;0;288;1.0;gewicht
Exports/Daten_Raw_Clean\Gewicht\Probant23_Gewicht61_Gewicht61.csv;0.0;294;0;0;0;0;0;294;1.0;gewicht
Exports/Daten_Raw_Clean\Gewicht\Probant23_Gewicht62_Gewicht62.csv;0.0;281;0;0;0;0;0;281;1.0;gewicht
Exports/Daten_Raw_Clean\Gewicht\Probant23_Gewicht63_Gewicht63.csv;0.0;310;0;0;0;0;0;310;1.0;gewicht
Exports/Daten_Raw_Clean\Gewicht\Probant24_Gewicht59_Gewicht59.csv;0.0;362;0;0;0;0;0;362;1.0;gewicht
Exports/Daten_Raw_Clean\Gewicht\Probant24_Gewicht60_Gewicht60.csv;0.0;245;0;0;0;0;0;245;1.0;gewicht
Exports/Daten_Raw_Clean\Gewicht\Probant24_Gewicht61_Gewicht61.csv;0.0;247;0;0;0;0;0;247;1.0;gewicht
Exports/Daten_Raw_Clean\Gewicht\Probant24_Gewicht62_Gewicht62.csv;0.0;268;0;0;0;0;0;268;1.0;gewicht
Exports/Daten_Raw_Clean\Gewicht\Probant24_Gewicht63_Gewicht63.csv;0.0;265;0;0;0;0;0;265;1.0;gewicht
Exports/Daten_Raw_Clean\Gewicht\Probant25_Gewicht64_Gewicht64.csv;0.0;323;0;0;0;0;0;323;1.0;gewicht
Exports/Daten_Raw_Clean\Gewicht\Probant26_Gewicht60_Gewicht60.csv;0.0;306;0;0;0;0;0;306;1.0;gewicht
Exports/Daten_Raw_Clean\Gewicht\Probant26_Gewicht61_Gewicht61.csv;0.0;257;0;0;0;0;0;257;1.0;gewicht
Exports/Daten_Raw_Clean\Gewicht\Probant26_Gewicht62_Gewicht62.csv;0.0;254;0;0;0;0;0;254;1.0;gewicht
Exports/Daten_Raw_Clean\Gewicht\Probant27_Gewicht59_Gewicht59.csv;0.0;259;0;0;0;0;0;259;1.0;gewicht
Exports/Daten_Raw_Clean\Gewicht\Probant27_Gewicht61_Gewicht61.csv;0.0;245;0;0;0;0;0;245;1.0;gewicht
Exports/Daten_Raw_Clean\Gewicht\Probant27_Gewicht63_Gewicht63.csv;0.0;243;0;0;0;0;0;243;1.0;gewicht
Exports/Daten_Raw_Clean\Gewicht\Probant28_Gewicht59_Gewicht59.csv;0.0;386;0;0;0;0;0;386;1.0;gewicht
Exports/Daten_Raw_Clean\Gewicht\Probant28_Gewicht60_Gewicht60.csv;0.0;389;0;0;0;0;0;389;1.0;gewicht
Exports/Daten_Raw_Clean\Gewicht\Probant28_Gewicht62_Gewicht62.csv;0.0;390;0;0;0;0;0;390;1.0;gewicht
Exports/Daten_Raw_Clean\Gewicht\Probant28_Gewicht63_Gewicht63.csv;0.0;354;0;0;0;0;0;354;1.0;gewicht
Exports/Daten_Raw_Clean\Gewicht\Probant29_Gewicht59_Gewicht59.csv;0.0;254;0;0;0;0;0;254;1.0;gewicht
Exports/Daten_Raw_Clean\Gewicht\Probant29_Gewicht60_Gewicht60.csv;0.0;251;0;0;0;0;0;251;1.0;gewicht
Exports/Daten_Raw_Clean\Gewicht\Probant29_Gewicht61_Gewicht61.csv;0.0;275;0;0;0;0;0;275;1.0;gewicht
Exports/Daten_Raw_Clean\Gewicht\Probant29_Gewicht62_Gewicht62.csv;0.0;266;0;0;0;0;0;266;1.0;gewicht
Exports/Daten_Raw_Clean\Gewicht\Probant29_Gewicht63_Gewicht63.csv;0.0;289;0;0;0;0;0;289;1.0;gewicht
Exports/Daten_Raw_Clean\Gewicht\Probant2_Gewicht02_Gewicht02.csv;0.0;346;0;0;0;0;0;346;1.0;gewicht
Exports/Daten_Raw_Clean\Gewicht\Probant2_Gewicht03_Gewicht03.csv;0.0;341;0;0;0;0;0;341;1.0;gewicht
Exports/Daten_Raw_Clean\Gewicht\Probant2_Gewicht04_Gewicht04.csv;0.0;350;0;0;0;0;0;350;1.0;gewicht
Exports/Daten_Raw_Clean\Gewicht\Probant2_Gewicht05_Gewicht05.csv;0.0;330;0;0;0;0;0;330;1.0;gewicht
Exports/Daten_Raw_Clean\Gewicht\Probant30_Gewicht59_Gewicht59.csv;0.0;374;0;0;0;0;0;374;1.0;gewicht
Exports/Daten_Raw_Clean\Gewicht\Probant30_Gewicht60_Gewicht60.csv;0.0;374;0;0;0;0;0;374;1.0;gewicht
Exports/Daten_Raw_Clean\Gewicht\Probant30_Gewicht61_Gewicht61.csv;0.0;352;0;0;0;0;0;352;1.0;gewicht
Exports/Daten_Raw_Clean\Gewicht\Probant30_Gewicht62_Gewicht62.csv;0.0;388;0;0;0;0;0;388;1.0;gewicht
Exports/Daten_Raw_Clean\Gewicht\Probant30_Gewicht63_Gewicht63.csv;0.0;361;0;0;0;0;0;361;1.0;gewicht
Exports/Daten_Raw_Clean\Gewicht\Probant31_Gewicht60_Gewicht60.csv;0.0;249;0;0;0;0;0;249;1.0;gewicht
Exports/Daten_Raw_Clean\Gewicht\Probant31_Gewicht61_Gewicht61.csv;0.0;236;0;0;0;0;0;236;1.0;gewicht
Exports/Daten_Raw_Clean\Gewicht\Probant31_Gewicht62_Gewicht62.csv;0.0;237;0;0;0;0;0;237;1.0;gewicht
Exports/Daten_Raw_Clean\Gewicht\Probant31_Gewicht63_Gewicht63.csv;0.0;233;0;0;0;0;0;233;1.0;gewicht
Exports/Daten_Raw_Clean\Gewicht\Probant32_Gewicht59_Gewicht59.csv;0.0;267;0;0;0;0;0;267;1.0;gewicht
Exports/Daten_Raw_Clean\Gewicht\Probant32_Gewicht60_Gewicht60.csv;0.0;258;0;0;0;0;0;258;1.0;gewicht
Exports/Daten_Raw_Clean\Gewicht\Probant32_Gewicht62_Gewicht62.csv;0.0;238;0;0;0;0;0;238;1.0;gewicht
Exports/Daten_Raw_Clean\Gewicht\Probant32_Gewicht63_Gewicht63.csv;0.0;258;0;0;0;0;0;258;1.0;gewicht
Exports/Daten_Raw_Clean\Gewicht\Probant33_Gewicht60_Gewicht60.csv;0.0;300;0;0;0;0;0;300;1.0;gewicht
Exports/Daten_Raw_Clean\Gewicht\Probant33_Gewicht61_Gewicht61.csv;0.0;273;0;0;0;0;0;273;1.0;gewicht
Exports/Daten_Raw_Clean\Gewicht\Probant33_Gewicht62_Gewicht62.csv;0.0;282;0;0;0;0;0;282;1.0;gewicht
Exports/Daten_Raw_Clean\Gewicht\Probant33_Gewicht63_Gewicht63.csv;0.0;274;0;0;0;0;0;274;1.0;gewicht
Exports/Daten_Raw_Clean\Gewicht\Probant33_Gewicht64_Gewicht64.csv;0.0;270;0;0;0;0;0;270;1.0;gewicht
Exports/Daten_Raw_Clean\Gewicht\Probant34_Gewicht59_Gewicht59.csv;0.0;273;0;0;0;0;0;273;1.0;gewicht
Exports/Daten_Raw_Clean\Gewicht\Probant34_Gewicht60_Gewicht60.csv;0.0;264;0;0;0;0;0;264;1.0;gewicht
Exports/Daten_Raw_Clean\Gewicht\Probant34_Gewicht61_Gewicht61.csv;0.0;285;0;0;0;0;0;285;1.0;gewicht
Exports/Daten_Raw_Clean\Gewicht\Probant34_Gewicht62_Gewicht62.csv;0.0;291;0;0;0;0;0;291;1.0;gewicht
Exports/Daten_Raw_Clean\Gewicht\Probant34_Gewicht63_Gewicht63.csv;0.0;273;0;0;0;0;0;273;1.0;gewicht
Exports/Daten_Raw_Clean\Gewicht\Probant35_Gewicht59_Gewicht59.csv;0.0;232;0;0;0;0;0;232;1.0;gewicht
Exports/Daten_Raw_Clean\Gewicht\Probant35_Gewicht60_Gewicht60.csv;0.0;231;0;0;0;0;0;231;1.0;gewicht
Exports/Daten_Raw_Clean\Gewicht\Probant35_Gewicht61_Gewicht61.csv;0.0;235;0;0;0;0;0;235;1.0;gewicht
Exports/Daten_Raw_Clean\Gewicht\Probant35_Gewicht62_Gewicht62.csv;0.0;225;0;0;0;0;0;225;1.0;gewicht
Exports/Daten_Raw_Clean\Gewicht\Probant35_Gewicht63_Gewicht63.csv;0.0;258;0;0;0;0;0;258;1.0;gewicht
Exports/Daten_Raw_Clean\Gewicht\Probant36_Gewicht59_Gewicht59.csv;0.0;342;0;0;0;0;0;342;1.0;gewicht
Exports/Daten_Raw_Clean\Gewicht\Probant36_Gewicht61_Gewicht61.csv;0.0;280;0;0;0;0;0;280;1.0;gewicht
Exports/Daten_Raw_Clean\Gewicht\Probant36_Gewicht62_Gewicht62.csv;0.0;278;0;0;0;0;0;278;1.0;gewicht
Exports/Daten_Raw_Clean\Gewicht\Probant36_Gewicht63_Gewicht63.csv;0.0;291;0;0;0;0;0;291;1.0;gewicht
Exports/Daten_Raw_Clean\Gewicht\Probant37_Gewicht61_Gewicht61.csv;0.0;263;0;0;0;0;0;263;1.0;gewicht
Exports/Daten_Raw_Clean\Gewicht\Probant39_Gewicht60_Gewicht60.csv;0.0;220;0;0;0;0;0;220;1.0;gewicht
Exports/Daten_Raw_Clean\Gewicht\Probant39_Gewicht62_Gewicht62.csv;0.0;221;0;0;0;0;0;221;1.0;gewicht
Exports/Daten_Raw_Clean\Gewicht\Probant39_Gewicht63_Gewicht63.csv;0.0;228;0;0;0;0;0;228;1.0;gewicht
Exports/Daten_Raw_Clean\Gewicht\Probant39_Gewicht64_Gewicht64.csv;0.0;218;0;0;0;0;0;218;1.0;gewicht
Exports/Daten_Raw_Clean\Gewicht\Probant39_Gewicht65_Gewicht65.csv;0.0;221;0;0;0;0;0;221;1.0;gewicht
Exports/Daten_Raw_Clean\Gewicht\Probant39_Gewicht68_Gewicht68.csv;0.0;208;0;0;0;0;0;208;1.0;gewicht
Exports/Daten_Raw_Clean\Gewicht\Probant3_Gewicht07_Gewicht07.csv;0.0;398;0;0;0;0;0;398;1.0;gewicht
Exports/Daten_Raw_Clean\Gewicht\Probant3_Gewicht08_Gewicht08.csv;0.0;377;0;0;0;0;0;377;1.0;gewicht
Exports/Daten_Raw_Clean\Gewicht\Probant3_Gewicht09_Gewicht09.csv;0.0;373;0;0;0;0;0;373;1.0;gewicht
Exports/Daten_Raw_Clean\Gewicht\Probant3_Gewicht10_Gewicht10.csv;0.0;354;0;0;0;0;0;354;1.0;gewicht
Exports/Daten_Raw_Clean\Gewicht\Probant5_Gewicht07_Gewicht07.csv;0.0;293;0;0;0;0;0;293;1.0;gewicht
Exports/Daten_Raw_Clean\Gewicht\Probant5_Gewicht09_Gewicht09.csv;0.0;300;0;0;0;0;0;300;1.0;gewicht
Exports/Daten_Raw_Clean\Gewicht\Probant5_Gewicht10_Gewicht10.csv;0.0;290;0;0;0;0;0;290;1.0;gewicht
Exports/Daten_Raw_Clean\Gewicht\Probant6_Gewicht07_Gewicht07.csv;0.0;362;0;0;0;0;0;362;1.0;gewicht
Exports/Daten_Raw_Clean\Gewicht\Probant6_Gewicht08_Gewicht08.csv;0.0;338;0;0;0;0;0;338;1.0;gewicht
Exports/Daten_Raw_Clean\Gewicht\Probant6_Gewicht10_Gewicht10.csv;0.0;393;0;0;0;0;0;393;1.0;gewicht
Exports/Daten_Raw_Clean\Gewicht\Probant7_Gewicht06_Gewicht06.csv;0.0;360;0;0;0;0;0;360;1.0;gewicht
Exports/Daten_Raw_Clean\Gewicht\Probant7_Gewicht07_Gewicht07.csv;0.0;455;0;0;0;0;0;455;1.0;gewicht
Exports/Daten_Raw_Clean\Gewicht\Probant7_Gewicht08_Gewicht08.csv;0.0;374;0;0;0;0;0;374;1.0;gewicht
Exports/Daten_Raw_Clean\Gewicht\Probant7_Gewicht09_Gewicht09.csv;0.0;478;0;0;0;0;0;478;1.0;gewicht
Exports/Daten_Raw_Clean\Gewicht\Probant7_Gewicht10_Gewicht10.csv;0.0;536;0;0;0;0;0;536;1.0;gewicht
Exports/Daten_Raw_Clean\Gewicht\Probant8_Gewicht11_Gewicht11.csv;0.0;524;0;0;0;0;0;524;1.0;gewicht
Exports/Daten_Raw_Clean\Gewicht\Probant8_Gewicht12_Gewicht12.csv;0.0;359;0;0;0;0;0;359;1.0;gewicht
Exports/Daten_Raw_Clean\Gewicht\Probant8_Gewicht14_Gewicht14.csv;0.0;345;0;0;0;0;0;345;1.0;gewicht
Exports/Daten_Raw_Clean\Gewicht\Probant9_Gewicht11_Gewicht11.csv;0.0;390;0;0;0;0;0;390;1.0;gewicht
Exports/Daten_Raw_Clean\Gewicht\Probant9_Gewicht15_Gewicht15.csv;0.0;338;0;0;0;0;0;338;1.0;gewicht
Exports/Daten_Raw_Clean\Gewicht\Probant19_Gewicht50_Gewicht50.csv;65.043;374;0;0;1;1;1;331;0.9973262032085561;gewicht
Exports/Daten_Raw_Clean\Gewicht\Probant39_Gewicht67_Gewicht67.csv;65.097;230;0;0;1;1;1;133;0.9956521739130435;gewicht
Exports/Daten_Raw_Clean\Gewicht\Probant39_Gewicht66_Gewicht66.csv;65.101;224;0;0;1;1;1;123;0.9955357142857143;gewicht
Exports/Daten_Raw_Clean\Gewicht\Probant38_Gewicht61_Gewicht61.csv;65.102;216;0;0;1;1;1;114;0.9953703703703703;gewicht
Exports/Daten_Raw_Clean\Gewicht\Probant38_Gewicht63_Gewicht63.csv;65.106;222;0;0;1;1;1;116;0.9954954954954955;gewicht
Exports/Daten_Raw_Clean\Gewicht\Probant39_Gewicht59_Gewicht59.csv;65.128;284;0;0;1;1;1;156;0.9964788732394366;gewicht
Exports/Daten_Raw_Clean\Gewicht\Probant6_Gewicht09_Gewicht09.csv;65.17;348;0;0;1;1;1;178;0.9971264367816092;gewicht
Exports/Daten_Raw_Clean\Gewicht\Probant15_Gewicht30_Gewicht30.csv;120.151;320;0;0;2;1;2;169;0.99375;gewicht
Exports/Daten_Raw_Clean\Gewicht\Probant31_Gewicht59_Gewicht59.csv;130.06;312;0;0;2;2;2;252;0.9935897435897436;gewicht
Exports/Daten_Raw_Clean\Gewicht\Probant13_Gewicht16_Gewicht16.csv;130.117;308;0;0;2;2;2;191;0.9935064935064936;gewicht
Exports/Daten_Raw_Clean\Gewicht\Probant36_Gewicht60_Gewicht60.csv;130.167;315;0;0;2;2;2;148;0.9936507936507937;gewicht
Exports/Daten_Raw_Clean\Gewicht\Probant39_Gewicht61_Gewicht61.csv;185.07;228;0;0;3;2;3;158;0.9868421052631579;gewicht
Exports/Daten_Raw_Clean\Gewicht\Probant26_Gewicht63_Gewicht63.csv;250.007;257;0;0;4;3;4;250;0.9844357976653697;gewicht
Exports/Daten_Raw_Clean\Gewicht\Probant9_Gewicht14_Gewicht14.csv;260.116;354;0;0;4;4;4;238;0.9887005649717514;gewicht
Exports/Daten_Raw_Clean\Gewicht\Probant9_Gewicht13_Gewicht13.csv;260.14;308;0;0;4;4;4;168;0.987012987012987;gewicht
Exports/Daten_Raw_Clean\Gewicht\Probant32_Gewicht61_Gewicht61.csv;260.147;263;0;0;4;4;4;116;0.9847908745247148;gewicht
Exports/Daten_Raw_Clean\Gewicht\Probant21_Gewicht64_Gewicht64.csv;390.121;262;0;0;6;6;6;141;0.9770992366412213;gewicht
Exports/Daten_Raw_Clean\Gewicht\Probant21_Gewicht65_Gewicht65.csv;535.12;306;0;0;9;4;9;186;0.9705882352941176;gewicht
Exports/Daten_Raw_Clean\Gewicht\Probant6_Gewicht06_Gewicht06.csv;555.234;476;0;0;9;6;9;242;0.9810924369747899;gewicht
Exports/Daten_Raw_Clean\Gewicht\Probant10_Gewicht12_Gewicht12.csv;625.152;313;0;0;11;2;11;161;0.9648562300319489;gewicht
Exports/Daten_Raw_Clean\Gewicht\Probant18_Gewicht46_Gewicht46.csv;635.112;324;0;0;11;3;11;212;0.9660493827160493;gewicht
Exports/Daten_Raw_Clean\Gewicht\Probant16_Gewicht34_Gewicht34.csv;680.057;517;0;0;12;2;12;460;0.97678916827853;gewicht
Exports/Daten_Raw_Clean\Gewicht\Probant12_Gewicht13_Gewicht13.csv;1180.261;400;0;0;20;8;20;139;0.95;gewicht
Exports/Daten_Raw_Clean\Gewicht\Probant22_Gewicht59_Gewicht59.csv;46295.194;410;0;46;1;1;47;216;0.8853658536585366;gewicht
Exports/Daten_Raw_Clean\Gewicht\Probant9_Gewicht12_Gewicht12.csv;49200.273;324;0;47;33;15;80;51;0.7530864197530864;gewicht
Exports/Daten_Raw_Clean\Gewicht\Probant38_Gewicht62_Gewicht62.csv;119595.119;222;0;119;0;0;119;103;0.46396396396396394;gewicht
Exports/Daten_Raw_Clean\Gewicht\Probant38_Gewicht60_Gewicht60.csv;128640.128;229;0;128;0;0;128;101;0.4410480349344978;gewicht
Exports/Daten_Raw_Clean\Gewicht\Probant18_Gewicht42_Gewicht42.csv;131655.131;345;0;131;0;0;131;214;0.6202898550724638;gewicht
Exports/Daten_Raw_Clean\Gewicht\Probant26_Gewicht59_Gewicht59.csv;134290.147;300;0;133;11;2;144;153;0.52;gewicht
Exports/Daten_Raw_Clean\Gewicht\Probant25_Gewicht60_Gewicht60.csv;146730.146;372;0;146;0;0;146;226;0.6075268817204301;gewicht
Exports/Daten_Raw_Clean\Gewicht\Probant38_Gewicht59_Gewicht59.csv;146795.198;259;0;146;1;1;147;61;0.43243243243243246;gewicht
Exports/Daten_Raw_Clean\Gewicht\Probant20_Gewicht58_Gewicht58.csv;148740.148;311;0;148;0;0;148;163;0.5241157556270096;gewicht
Exports/Daten_Raw_Clean\Gewicht\Probant18_Gewicht45_Gewicht45.csv;148805.164;316;0;148;1;1;149;152;0.5284810126582279;gewicht
Exports/Daten_Raw_Clean\Gewicht\Probant18_Gewicht43_Gewicht43.csv;152945.197;315;0;152;3;2;155;118;0.5079365079365079;gewicht
Exports/Daten_Raw_Clean\Gewicht\Probant37_Gewicht63_Gewicht63.csv;169035.218;276;0;168;3;3;171;58;0.3804347826086957;gewicht
Exports/Daten_Raw_Clean\Gewicht\Probant37_Gewicht60_Gewicht60.csv;169460.215;262;0;168;10;7;178;47;0.32061068702290074;gewicht
Exports/Daten_Raw_Clean\Gewicht\Probant37_Gewicht62_Gewicht62.csv;172860.172;266;0;172;0;0;172;94;0.3533834586466165;gewicht
Exports/Daten_Raw_Clean\Gewicht\Probant18_Gewicht44_Gewicht44.csv;173865.173;307;0;173;0;0;173;134;0.4364820846905538;gewicht
Exports/Daten_Raw_Clean\Gewicht\Probant37_Gewicht59_Gewicht59.csv;180900.18;341;0;180;0;0;180;161;0.47214076246334313;gewicht
Exports/Daten_Raw_Clean\Gewicht\Probant25_Gewicht61_Gewicht61.csv;183105.218;261;0;182;3;3;185;43;0.29118773946360155;gewicht
Exports/Daten_Raw_Clean\Gewicht\Probant27_Gewicht62_Gewicht62.csv;183915.183;233;0;183;0;0;183;50;0.2145922746781116;gewicht
Exports/Daten_Raw_Clean\Gewicht\Probant25_Gewicht62_Gewicht62.csv;184920.184;325;0;184;0;0;184;141;0.4338461538461538;gewicht
Exports/Daten_Raw_Clean\Gewicht\Probant27_Gewicht60_Gewicht60.csv;189945.189;254;0;189;0;0;189;65;0.2559055118110236;gewicht
Exports/Daten_Raw_Clean\Gewicht\Probant11_Gewicht11_Gewicht11.csv;197045.254;432;0;196;1;1;197;178;0.5439814814814815;gewicht
Exports/Daten_Raw_Clean\Gewicht\Probant25_Gewicht63_Gewicht63.csv;208220.238;339;0;207;3;2;210;101;0.3805309734513274;gewicht
Exports/Daten_Raw_Clean\Gewicht\Probant17_Gewicht41_Gewicht41.csv;219165.272;313;0;215;56;1;271;41;0.134185303514377;gewicht
Exports/Daten_Raw_Clean\Gewicht\Probant20_Gewicht55_Gewicht55.csv;227130.226;363;0;226;0;0;226;137;0.3774104683195592;gewicht
Exports/Daten_Raw_Clean\Gewicht\Probant25_Gewicht59_Gewicht59.csv;228135.227;370;0;227;0;0;227;143;0.3864864864864865;gewicht
Exports/Daten_Raw_Clean\Gewicht\Probant22_Gewicht60_Gewicht60.csv;267395.293;336;0;266;1;1;267;43;0.20535714285714285;gewicht
Exports/Daten_Raw_Clean\Gewicht\Probant16_Gewicht35_Gewicht35.csv;272355.271;470;0;271;0;0;271;199;0.42340425531914894;gewicht
Exports/Daten_Raw_Clean\Gewicht\Probant22_Gewicht61_Gewicht61.csv;275435.284;351;0;274;1;1;275;67;0.21652421652421652;gewicht
Exports/Daten_Raw_Clean\Gewicht\Probant28_Gewicht61_Gewicht61.csv;276440.306;343;0;275;1;1;276;37;0.19533527696793002;gewicht
Exports/Daten_Raw_Clean\Gewicht\Probant8_Gewicht15_Gewicht15.csv;287430.286;394;0;286;0;0;286;108;0.27411167512690354;gewicht
Exports/Daten_Raw_Clean\Gewicht\Probant8_Gewicht13_Gewicht13.csv;346790.348;380;0;345;1;1;346;32;0.08947368421052632;gewicht
Exports/Daten_Raw_Clean\Gewicht\Probant16_Gewicht32_Gewicht32.csv;478380.476;589;0;476;0;0;476;113;0.19185059422750425;gewicht
Exports/Daten_Raw_Clean\Gewicht\Probant1_Gewicht19_Gewicht19.csv;1309841.673;1892;0;1303;5;5;1308;219;0.3086680761099366;gewicht
